itching,skin_rash,chills,vomiting,fatigue,weight_loss,lethargy,cough,high_fever,breathlessness,sweating,headache,nausea,loss_of_appetite,diarrhoea,mild_fever,yellowing_of_eyes,swelled_lymph_nodes,malaise,phlegm,chest_pain,muscle_pain,red_spots_over_body,blood_in_sputum,prognosis,noisy_feature,fatigue_lethargy_combined,fever_intensity,respiratory_issues,digestive_issues,misleading_noise_1,misleading_noise_2,random_noise,inverted_correlation,noisy_feature_1,noisy_feature_2,noisy_feature_3,noisy_feature_4
0,0,1,1,0,0,0,0,1,0,1,1,1,0,0,0,0,0,0,0,0,1,0,0,1,0.3745401188473625,0,1,0,1,0.0,-0.0,0.9383404568210378,10.0,3.745401188473625,1.793008408072676,0.7404086486363952,1.3499444129674734
0,0,1,1,0,0,0,0,1,0,1,1,1,0,1,0,0,0,0,0,0,1,0,0,1,0.9507143064099162,0,1,0,2,0.0,0.0,0.18123306616566015,10.0,9.50714306409916,0.3810922505865755,-0.5031429531181062,0.6255764534715422
0,0,1,1,0,0,0,0,1,0,1,1,1,0,1,0,0,0,0,0,0,1,0,0,1,0.7319939418114051,0,1,0,2,0.0,-0.0,0.0664962673667775,10.0,7.319939418114051,2.066516687328133,0.7542569359140556,1.3269281757161304
0,0,0,1,0,0,0,0,1,0,1,1,1,0,1,0,0,0,0,0,0,1,0,0,1,0.5986584841970366,0,1,0,2,0.0,0.0,0.741120649290059,10.0,5.986584841970366,0.023956100238749056,0.7272764302523296,0.5155790475814676
0,0,1,0,0,0,0,0,1,0,1,1,1,0,1,0,0,0,0,0,0,1,0,0,1,0.15601864044243652,0,1,0,1,0.0,0.0,0.5744731131799119,10.0,1.5601864044243652,0.0,-1.6968866429415717,-0.5962750868952018
0,0,1,1,0,0,0,0,0,0,1,1,1,0,1,0,0,0,0,0,0,1,0,0,1,0.15599452033620265,0,0,0,2,0.0,-0.0,0.8418287767582721,10.0,1.5599452033620265,1.2941586032422883,0.9457051334821878,-0.9400508825942944
0,0,1,1,0,0,0,0,1,0,0,1,1,0,1,0,0,0,0,0,0,1,0,0,1,0.05808361216819946,0,1,0,2,0.0,0.0,0.1397723766262895,10.0,0.5808361216819946,1.1404959338675162,0.7690654697913221,3.094505063224972
0,0,1,1,0,0,0,0,1,0,1,0,1,0,1,0,0,0,0,0,0,1,0,0,1,0.8661761457749352,0,1,0,2,0.0,0.0,0.7952673118598902,10.0,8.661761457749352,0.6886502400897031,0.6962063648134184,-0.3469613483183278
0,0,1,1,0,0,0,0,1,0,1,1,0,0,1,0,0,0,0,0,0,1,0,0,1,0.6011150117432088,0,1,0,2,0.0,-0.0,0.20162732004774453,10.0,6.011150117432088,0.8959388748213624,2.848956094945345,-0.49139234945630716
0,0,1,1,0,0,0,0,1,0,1,1,1,0,0,0,0,0,0,0,0,1,0,0,1,0.7080725777960455,0,1,0,1,0.0,-0.0,0.1636559428657045,10.0,7.080725777960454,0.7534995326705836,2.1265650295477574,-0.6533901136037148
0,0,1,1,0,0,0,0,1,0,1,1,1,0,0,0,0,0,0,0,0,1,0,0,1,0.020584494295802447,0,1,0,1,0.0,-0.0,0.16426579793099294,10.0,0.20584494295802447,0.7053176215278942,0.7311113094451694,0.8610382523104978
0,0,1,1,0,0,0,0,1,0,1,1,1,0,1,0,0,0,0,0,0,1,0,0,1,0.9699098521619943,0,1,0,2,0.0,-0.0,0.8145747202313821,10.0,9.699098521619943,1.4248010485105123,-0.10652590874167034,0.17691020659250167
0,0,1,1,0,0,0,0,1,0,1,1,1,0,1,0,0,0,0,0,0,1,0,0,1,0.8324426408004217,0,1,0,2,0.0,-0.0,0.6651972206962001,10.0,8.324426408004218,1.1785077429825237,3.5733598032498604,3.142015160136369
0,0,0,1,0,0,0,0,1,0,1,1,1,0,1,0,0,0,0,0,0,1,0,0,1,0.21233911067827616,0,1,0,2,0.0,0.0,0.5230654247691193,10.0,2.1233911067827616,0.6535452023696728,1.0592184340144883,2.509817089342634
0,0,1,0,0,0,0,0,1,0,1,1,1,0,1,0,0,0,0,0,0,1,0,0,1,0.18182496720710062,0,1,0,1,0.0,-0.0,0.3588304841235025,10.0,1.8182496720710062,0.0,1.0139292919129461,0.8118496548222762
0,0,1,1,0,0,0,0,0,0,1,1,1,0,1,0,0,0,0,0,0,1,0,0,1,0.18340450985343382,0,0,0,2,0.0,-0.0,0.8772005408131083,10.0,1.8340450985343382,1.1536497604383047,0.9758749128899967,3.7524358053443088
0,0,1,1,0,0,0,0,1,0,0,1,1,0,1,0,0,0,0,0,0,1,0,0,1,0.3042422429595377,0,1,0,2,0.0,0.0,0.3924451074226354,10.0,3.0424224295953772,1.40643105941948,1.1980847607678549,2.4817654869915944
0,0,1,1,0,0,0,0,1,0,1,0,1,0,1,0,0,0,0,0,0,1,0,0,1,0.5247564316322378,0,1,0,2,0.0,-0.0,0.8165994394715771,10.0,5.247564316322379,1.314814420961806,-0.14436041192394247,0.17516861649137755
0,0,1,1,0,0,0,0,1,0,1,1,0,0,1,0,0,0,0,0,0,1,0,0,1,0.43194501864211576,0,1,0,2,0.0,0.0,0.4391349085702184,10.0,4.319450186421157,0.5855024945389639,0.4263379931197637,-1.999405714873573
0,0,1,1,0,0,0,0,1,0,1,1,1,0,0,0,0,0,0,0,0,1,0,0,1,0.2912291401980419,0,1,0,1,0.0,-0.0,0.3769444294249076,10.0,2.9122914019804194,0.7199094799015152,0.45314105875960786,2.7909425725907417
0,0,1,1,0,0,0,0,1,0,1,1,1,0,0,0,0,0,0,0,0,1,0,0,1,0.6118528947223795,0,1,0,1,0.0,-0.0,0.46267978566960644,10.0,6.118528947223795,1.3736468025616309,0.9672467297840016,-0.889572466763596
0,0,1,1,0,0,0,0,1,0,1,1,1,0,1,0,0,0,0,0,0,1,0,0,1,0.13949386065204183,0,1,0,2,0.0,0.0,0.3013778741641421,10.0,1.3949386065204183,1.3051851327167325,0.45657522886623503,-1.1453987469568918
0,0,1,1,0,0,0,0,1,0,1,1,1,0,1,0,0,0,0,0,0,1,0,0,1,0.29214464853521815,0,1,0,2,0.0,0.0,0.7476093801762511,10.0,2.9214464853521815,0.9895492030179259,0.28715421732283564,2.5225704320096405
0,0,0,1,0,0,0,0,1,0,1,1,1,0,1,0,0,0,0,0,0,1,0,0,1,0.3663618432936917,0,1,0,2,0.0,0.0,0.5027203900924792,10.0,3.663618432936917,1.058663691654391,1.106430227691897,3.939752406339273
0,0,1,0,0,0,0,0,1,0,1,1,1,0,1,0,0,0,0,0,0,1,0,0,1,0.45606998421703593,0,1,0,1,0.0,0.0,0.2322126951468173,10.0,4.56069984217036,0.0,0.7450227825791447,2.884272818510518
0,0,1,1,0,0,0,0,0,0,1,1,1,0,1,0,0,0,0,0,0,1,0,0,1,0.7851759613930136,0,0,0,2,0.0,0.0,0.8995745732745685,10.0,7.851759613930136,0.7042143055820851,2.503992988582689,2.06390912005236
0,0,1,1,0,0,0,0,1,0,0,1,1,0,1,0,0,0,0,0,0,1,0,0,1,0.19967378215835974,0,1,0,2,0.0,-0.0,0.3838912213732114,10.0,1.9967378215835974,1.2735486905850188,-1.650969808393012,2.094754341665286
0,0,1,1,0,0,0,0,1,0,1,0,1,0,1,0,0,0,0,0,0,1,0,0,1,0.5142344384136116,0,1,0,2,0.0,-0.0,0.5435528611139886,10.0,5.142344384136116,0.8989036737830529,1.0915068519224618,2.353415558780308
0,0,1,1,0,0,0,0,1,0,1,1,0,0,1,0,0,0,0,0,0,1,0,0,1,0.5924145688620425,0,1,0,2,0.0,0.0,0.9064721109645469,10.0,5.924145688620425,0.8911593983863899,2.2460851924976293,1.2589285897867653
0,0,1,1,0,0,0,0,1,0,1,1,1,0,0,0,0,0,0,0,0,1,0,0,1,0.046450412719997725,0,1,0,1,0.0,0.0,0.6242379959139921,10.0,0.46450412719997725,1.549388425993595,-1.0733902324081495,0.7811914239693758
0,0,1,1,0,0,0,0,1,0,1,1,1,0,0,0,0,0,0,0,0,1,0,0,1,0.6075448519014384,0,1,0,1,0.0,0.0,0.11689804070836407,10.0,6.075448519014383,1.4127081744940149,0.6573124059196512,0.6042011039518761
0,0,1,1,0,0,0,0,1,0,1,1,1,0,1,0,0,0,0,0,0,1,0,0,1,0.17052412368729153,0,1,0,2,0.0,-0.0,0.9398321236134751,10.0,1.7052412368729153,1.4067548180003193,0.6285591340042085,0.4374068721004776
0,0,1,1,0,0,0,0,1,0,1,1,1,0,1,0,0,0,0,0,0,1,0,0,1,0.06505159298527952,0,1,0,2,0.0,-0.0,0.6277080530714179,10.0,0.6505159298527952,1.6527394035771645,-0.4075116947178212,-0.2539645888666763
0,0,0,1,0,0,0,0,1,0,1,1,1,0,1,0,0,0,0,0,0,1,0,0,1,0.9488855372533332,0,1,0,2,0.0,0.0,0.3349056146570861,10.0,9.488855372533333,1.0105019208163795,0.2221833124091247,1.219324923133226
0,0,1,0,0,0,0,0,1,0,1,1,1,0,1,0,0,0,0,0,0,1,0,0,1,0.9656320330745594,0,1,0,1,0.0,-0.0,0.13927207266338726,10.0,9.656320330745594,0.0,-0.11057584546582877,-0.19295681419538546
0,0,1,1,0,0,0,0,0,0,1,1,1,0,1,0,0,0,0,0,0,1,0,0,1,0.8083973481164611,0,0,0,2,0.0,0.0,0.794025189270296,10.0,8.08397348116461,0.844866621703272,2.7522704434236225,1.4016603732052502
0,0,1,1,0,0,0,0,1,0,0,1,1,0,1,0,0,0,0,0,0,1,0,0,1,0.3046137691733707,0,1,0,2,0.0,0.0,0.6200727559285135,10.0,3.0461376917337066,1.162083176244221,1.935678393147461,-0.48859110715091747
0,0,1,1,0,0,0,0,1,0,1,0,1,0,1,0,0,0,0,0,0,1,0,0,1,0.09767211400638387,0,1,0,2,0.0,-0.0,0.5334610919763215,10.0,0.9767211400638387,0.9349284728161578,1.2715550949941588,0.3964106827842291
0,0,1,1,0,0,0,0,1,0,1,1,0,0,1,0,0,0,0,0,0,1,0,0,1,0.6842330265121569,0,1,0,2,0.0,0.0,0.8938925830509576,10.0,6.842330265121569,1.0484979824963592,1.721672064043235,0.6798941511534784
0,0,1,1,0,0,0,0,1,0,1,1,1,0,0,0,0,0,0,0,0,1,0,0,1,0.4401524937396013,0,1,0,1,0.0,0.0,0.7885972112245307,10.0,4.4015249373960135,1.2975785127184567,-0.12905177121722922,2.8920022863445993
0,0,1,1,0,0,0,0,1,0,1,1,1,0,0,0,0,0,0,0,0,1,0,0,1,0.12203823484477883,0,1,0,1,0.0,-0.0,0.15167487973275118,10.0,1.2203823484477883,0.5908896583832637,0.47547973372022634,1.4183166060023131
0,0,1,1,0,0,0,0,1,0,1,1,1,0,1,0,0,0,0,0,0,1,0,0,1,0.4951769101112702,0,1,0,2,0.0,0.0,0.31172206779554823,10.0,4.951769101112702,2.0461936378427303,1.4893745612279181,-0.070500603623177
0,0,1,1,0,0,0,0,1,0,1,1,1,0,1,0,0,0,0,0,0,1,0,0,1,0.034388521115218396,0,1,0,2,0.0,0.0,0.24848913981446574,10.0,0.34388521115218396,0.496991309250149,-0.2221278088919454,-0.48962813657033755
0,0,0,1,0,0,0,0,1,0,1,1,1,0,1,0,0,0,0,0,0,1,0,0,1,0.9093204020787821,0,1,0,2,0.0,0.0,0.743946292572677,10.0,9.093204020787821,0.3929056936061339,1.7129984301723882,1.440771187988216
0,0,1,0,0,0,0,0,1,0,1,1,1,0,1,0,0,0,0,0,0,1,0,0,1,0.2587799816000169,0,1,0,1,0.0,-0.0,0.03353243473577938,10.0,2.587799816000169,0.0,0.759674601841865,-0.4824873935383096
0,0,1,1,0,0,0,0,0,0,1,1,1,0,1,0,0,0,0,0,0,1,0,0,1,0.662522284353982,0,0,0,2,0.0,0.0,0.5698896848713165,10.0,6.62522284353982,1.3958313469814678,0.6251791924504024,0.2753668500029754
0,0,1,1,0,0,0,0,1,0,0,1,1,0,1,0,0,0,0,0,0,1,0,0,1,0.31171107608941095,0,1,0,2,0.0,-0.0,0.7624586857406905,10.0,3.1171107608941098,1.3120599085260776,1.7109599682034915,2.050052099024552
0,0,1,1,0,0,0,0,1,0,1,0,1,0,1,0,0,0,0,0,0,1,0,0,1,0.5200680211778108,0,1,0,2,0.0,-0.0,0.8767656367617495,10.0,5.200680211778108,1.31417275463214,0.44426331148603976,-0.4683444548636353
0,0,1,1,0,0,0,0,1,0,1,1,0,0,1,0,0,0,0,0,0,1,0,0,1,0.5467102793432796,0,1,0,2,0.0,0.0,0.34208174871590746,10.0,5.4671027934327965,0.9938766135765427,0.6390338341809201,0.6053755061459599
0,0,1,1,0,0,0,0,1,0,1,1,1,0,0,0,0,0,0,0,0,1,0,0,1,0.18485445552552704,0,1,0,1,0.0,-0.0,0.8212573046720129,10.0,1.8485445552552704,0.5513728142570842,2.159329803364248,0.16597450508179556
0,0,1,1,0,0,0,0,1,0,1,1,1,0,0,0,0,0,0,0,0,1,0,0,1,0.9695846277645586,0,1,0,1,0.0,-0.0,0.11063173695520723,10.0,9.695846277645586,1.0379022790968633,-0.08106332759989732,0.8986323560487863
0,0,1,1,0,0,0,0,1,0,1,1,1,0,1,0,0,0,0,0,0,1,0,0,1,0.7751328233611146,0,1,0,2,0.0,0.0,0.8464522917345182,10.0,7.7513282336111455,0.6614191442439441,1.6159356069442636,0.819781934142537
0,0,1,1,0,0,0,0,1,0,1,1,1,0,1,0,0,0,0,0,0,1,0,0,1,0.9394989415641891,0,1,0,2,0.0,0.0,0.12748866233198242,10.0,9.394989415641891,1.4875598667088756,1.5931012579683839,-0.09299373353166929
0,0,0,1,0,0,0,0,1,0,1,1,1,0,1,0,0,0,0,0,0,1,0,0,1,0.8948273504276488,0,1,0,2,0.0,0.0,0.39728729056036727,10.0,8.948273504276488,0.9264713092489307,0.6904535606860097,0.940474737960399
0,0,1,0,0,0,0,0,1,0,1,1,1,0,1,0,0,0,0,0,0,1,0,0,1,0.5978999788110851,0,1,0,1,0.0,0.0,0.7972953657795536,10.0,5.978999788110851,0.0,1.326133022242118,0.4803622010733188
0,0,1,1,0,0,0,0,0,0,1,1,1,0,1,0,0,0,0,0,0,1,0,0,1,0.9218742350231168,0,0,0,2,0.0,-0.0,0.14991742734877378,10.0,9.218742350231167,0.8393070791735033,-0.25111357638530296,1.0524899544171478
0,0,1,1,0,0,0,0,1,0,0,1,1,0,1,0,0,0,0,0,0,1,0,0,1,0.0884925020519195,0,1,0,2,0.0,-0.0,0.22925139523264149,10.0,0.884925020519195,1.206465727137812,1.9240270192069011,0.7239141340646614
0,0,1,1,0,0,0,0,1,0,1,0,1,0,1,0,0,0,0,0,0,1,0,0,1,0.1959828624191452,0,1,0,2,0.0,-0.0,0.7222525683930663,10.0,1.959828624191452,0.7181377235980126,-0.18490213644298903,2.864140429973844
0,0,1,1,0,0,0,0,1,0,1,1,0,0,1,0,0,0,0,0,0,1,0,0,1,0.045227288910538066,0,1,0,2,0.0,0.0,0.7200365365460744,10.0,0.45227288910538066,0.5888898022167843,0.4772769794809605,0.6252245026479073
0,0,1,1,0,0,0,0,1,0,1,1,1,0,0,0,0,0,0,0,0,1,0,0,1,0.32533033076326434,0,1,0,1,0.0,0.0,0.6411476328852973,10.0,3.2533033076326436,1.1218436057459562,2.0490092258368895,1.070594458874747
0,0,1,1,0,0,0,0,1,0,1,1,1,0,1,0,0,0,0,0,0,1,0,0,1,0.388677289689482,0,1,0,2,0.0,0.0,0.6939484444671,10.0,3.8867728968948203,1.1224832855543614,0.29565630945724075,1.622297503032284
0,0,1,1,0,0,0,0,1,0,1,1,1,0,1,0,0,0,0,0,0,1,0,0,1,0.2713490317738959,0,1,0,2,0.0,0.0,0.5427244433475962,10.0,2.713490317738959,0.7465284123144351,-0.40846129636355966,2.043298029036388
0,0,1,1,0,0,0,0,1,0,1,1,1,0,1,0,0,0,0,0,0,1,0,0,1,0.8287375091519293,0,1,0,2,0.0,-0.0,0.25179905890695276,10.0,8.287375091519294,0.7644808471908386,-0.5566291735239037,1.5488600703257043
0,0,1,1,0,0,0,0,1,0,1,1,1,0,1,0,0,0,0,0,0,1,0,0,1,0.3567533266935893,0,1,0,2,0.0,-0.0,0.34569599350391944,10.0,3.567533266935893,1.1160249686788182,1.6060099513456396,0.5405916912038824
0,0,1,1,0,0,0,0,1,0,1,1,1,0,1,0,0,0,0,0,0,1,0,0,1,0.28093450968738076,0,1,0,2,0.0,-0.0,0.18159771680142567,10.0,2.8093450968738076,0.27595782925133794,-0.2804293524962831,0.7980083121932446
0,0,1,1,0,0,0,0,1,0,1,1,1,0,1,0,0,0,0,0,0,1,0,0,1,0.5426960831582485,0,1,0,2,0.0,0.0,0.9084505613336283,10.0,5.426960831582485,0.2962681128117224,2.754794181984365,-0.16290091755094815
0,0,1,1,0,0,0,0,1,0,1,1,1,0,1,0,0,0,0,0,0,1,0,0,1,0.14092422497476265,0,1,0,2,0.0,-0.0,0.5833917947661205,10.0,1.4092422497476265,0.640777889373782,-1.081929407883722,0.09739472820030648
0,0,1,1,0,0,0,0,1,0,1,1,1,0,1,0,0,0,0,0,0,1,0,0,1,0.8021969807540397,0,1,0,2,0.0,0.0,0.4008514167636399,10.0,8.021969807540398,0.8932764241440764,2.696456368290038,3.2495767431869393
0,0,1,1,0,0,0,0,1,0,1,1,1,0,1,0,0,0,0,0,0,1,0,0,1,0.07455064367977082,0,1,0,2,0.0,-0.0,0.4620058036441327,10.0,0.7455064367977082,1.1554537827990023,1.2110174672026184,-0.7438632353912851
0,0,1,1,0,0,0,0,1,0,1,1,1,0,1,0,0,0,0,0,0,1,0,0,1,0.9868869366005173,0,1,0,2,0.0,-0.0,0.9472833396118153,10.0,9.868869366005173,1.737678108474776,0.9032868881296077,-0.1929051977959073
0,0,1,1,0,0,0,0,1,0,1,1,1,0,1,0,0,0,0,0,0,1,0,0,1,0.7722447692966574,0,1,0,2,0.0,-0.0,0.1533514031160802,10.0,7.722447692966574,1.4288298116010096,0.45508091319105026,-0.21840726556919743
0,0,1,1,0,0,0,0,1,0,1,1,1,0,1,0,0,0,0,0,0,1,0,0,1,0.1987156815341724,0,1,0,2,0.0,0.0,0.5862298320167972,10.0,1.987156815341724,0.9200307350182865,1.3991361143520709,2.3949243769444415
0,0,1,1,0,0,0,0,1,0,1,1,1,0,1,0,0,0,0,0,0,1,0,0,1,0.005522117123602399,0,1,0,2,0.0,0.0,0.505888678884466,10.0,0.05522117123602399,0.9904918960486556,0.9623652975751517,1.2050503217079722
0,0,1,1,0,0,0,0,1,0,1,1,1,0,1,0,0,0,0,0,0,1,0,0,1,0.8154614284548342,0,1,0,2,0.0,-0.0,0.6114542354346478,10.0,8.154614284548341,0.4987353176810956,2.1033018820165212,1.7477420726737338
0,0,1,1,0,0,0,0,1,0,1,1,1,0,1,0,0,0,0,0,0,1,0,0,1,0.7068573438476171,0,1,0,2,0.0,-0.0,0.01811018382084051,10.0,7.068573438476172,0.990743432003805,1.1142276486620397,-0.17349062424386852
0,0,1,1,0,0,0,0,1,0,1,1,1,0,1,0,0,0,0,0,0,1,0,0,1,0.7290071680409873,0,1,0,2,0.0,0.0,0.8721239089441515,10.0,7.2900716804098735,0.8556706805399308,1.1503017614618776,0.7789941622238019
0,0,1,1,0,0,0,0,1,0,1,1,1,0,1,0,0,0,0,0,0,1,0,0,1,0.7712703466859457,0,1,0,2,0.0,-0.0,0.9321182824836124,10.0,7.712703466859457,1.1613592801690447,0.6363877877861441,-0.33534705325975733
0,0,1,1,0,0,0,0,1,0,1,1,1,0,1,0,0,0,0,0,0,1,0,0,1,0.07404465173409036,0,1,0,2,0.0,0.0,0.5651331835892089,10.0,0.7404465173409036,0.5863845282238385,0.9430543762789325,3.6451491277733883
0,0,1,1,0,0,0,0,1,0,1,1,1,0,1,0,0,0,0,0,0,1,0,0,1,0.3584657285442726,0,1,0,2,0.0,0.0,0.6966508238768923,10.0,3.5846572854427263,1.2596732571205862,1.3078017688920591,-0.6875984190295128
0,0,1,1,0,0,0,0,1,0,1,1,1,0,1,0,0,0,0,0,0,1,0,0,1,0.11586905952512971,0,1,0,2,0.0,-0.0,0.9224993811772957,10.0,1.1586905952512971,1.7663694565012888,-0.7101683926566256,0.8098207102270275
0,0,1,1,0,0,0,0,1,0,1,1,1,0,1,0,0,0,0,0,0,1,0,0,1,0.8631034258755935,0,1,0,2,0.0,-0.0,0.7072386343133986,10.0,8.631034258755935,0.9456199257715712,-0.348185422105713,1.1337768809320985
0,0,1,1,0,0,0,0,1,0,1,1,1,0,1,0,0,0,0,0,0,1,0,0,1,0.6232981268275579,0,1,0,2,0.0,0.0,0.15253904291426135,10.0,6.232981268275579,1.2008558610494706,1.7432640940227149,0.9137990974514982
0,0,1,1,0,0,0,0,1,0,1,1,1,0,1,0,0,0,0,0,0,1,0,0,1,0.3308980248526492,0,1,0,2,0.0,-0.0,0.5762883601668132,10.0,3.308980248526492,1.3450719958555561,1.170865438127942,1.3147123411222918
0,0,1,1,0,0,0,0,1,0,1,1,1,0,1,0,0,0,0,0,0,1,0,0,1,0.06355835028602363,0,1,0,2,0.0,-0.0,0.6067150463828559,10.0,0.6355835028602363,0.7993897640570818,0.8160166636473208,0.37017930026657386
0,0,1,1,0,0,0,0,1,0,1,1,1,0,1,0,0,0,0,0,0,1,0,0,1,0.3109823217156622,0,1,0,2,0.0,0.0,0.424130671302386,10.0,3.109823217156622,1.1120462409052083,1.018433933065393,1.5438114719791096
0,0,1,1,0,0,0,0,1,0,1,1,1,0,1,0,0,0,0,0,0,1,0,0,1,0.32518332202674705,0,1,0,2,0.0,0.0,0.7364442356247228,10.0,3.2518332202674705,1.0062962003908975,1.347581705361671,0.35299799837151136
0,0,1,1,0,0,0,0,1,0,1,1,1,0,1,0,0,0,0,0,0,1,0,0,1,0.7296061783380641,0,1,0,2,0.0,0.0,0.9343670147690148,10.0,7.29606178338064,1.0488380492744158,0.4602403196906385,1.4638791167949097
0,0,1,1,0,0,0,0,1,0,1,1,1,0,1,0,0,0,0,0,0,1,0,0,1,0.6375574713552131,0,1,0,2,0.0,0.0,0.9255685129067763,10.0,6.3755747135521315,0.6134951080722668,0.22169527459768734,3.7105230015913513
0,0,1,1,0,0,0,0,1,0,1,1,1,0,1,0,0,0,0,0,0,1,0,0,1,0.8872127425763265,0,1,0,2,0.0,-0.0,0.4508393714041321,10.0,8.872127425763265,1.0122550871294713,1.1958452550976815,-0.057491785007833585
0,0,1,1,0,0,0,0,1,0,1,1,1,0,1,0,0,0,0,0,0,1,0,0,1,0.4722149251619493,0,1,0,2,0.0,-0.0,0.11323804584075525,10.0,4.722149251619493,1.248999145622725,0.021627222384967948,0.13019702042092218
0,0,1,1,0,0,0,0,1,0,1,1,1,0,1,0,0,0,0,0,0,1,0,0,1,0.1195942459383017,0,1,0,2,0.0,0.0,0.9848411989623346,10.0,1.195942459383017,1.725571803897521,1.408252755714472,1.4117179516487453
0,0,1,1,0,0,0,0,1,0,1,1,1,0,1,0,0,0,0,0,0,1,0,0,1,0.713244787222995,0,1,0,2,0.0,0.0,0.8388980864459341,10.0,7.13244787222995,1.4796354130426035,-0.7025836042378404,3.0797093376543185
0,0,1,1,0,0,0,0,1,0,1,1,1,0,1,0,0,0,0,0,0,1,0,0,1,0.7607850486168974,0,1,0,2,0.0,-0.0,0.12466268120326685,10.0,7.607850486168974,2.0765912287557784,2.0291556373256436,0.6963254320302692
0,0,1,1,0,0,0,0,1,0,1,1,1,0,1,0,0,0,0,0,0,1,0,0,1,0.5612771975694962,0,1,0,2,0.0,0.0,0.9208418826173723,10.0,5.612771975694963,0.6163262185559752,1.472597482413043,3.1391168054440675
0,0,1,1,0,0,0,0,1,0,1,1,1,0,1,0,0,0,0,0,0,1,0,0,1,0.770967179954561,0,1,0,2,0.0,-0.0,0.8698963620621283,10.0,7.70967179954561,1.436160318360339,1.2560297343138758,3.1777008140764407
0,0,1,1,0,0,0,0,1,0,1,1,1,0,1,0,0,0,0,0,0,1,0,0,1,0.49379559636439074,0,1,0,2,0.0,-0.0,0.5188380571260721,10.0,4.937955963643907,1.0916710028691758,1.9826909839455138,0.9464117582920054
0,0,1,1,0,0,0,0,1,0,1,1,1,0,1,0,0,0,0,0,0,1,0,0,1,0.5227328293819941,0,1,0,2,0.0,-0.0,0.5912754357449292,10.0,5.227328293819941,2.094901466608836,2.6654744444625766,2.0689830791852755
0,0,1,1,0,0,0,0,1,0,1,1,1,0,1,0,0,0,0,0,0,1,0,0,1,0.42754101835854963,0,1,0,2,0.0,-0.0,0.39900270387013026,10.0,4.275410183585496,0.5958508573224243,2.0143700650181304,3.128396623128538
0,0,1,1,0,0,0,0,1,0,1,1,1,0,1,0,0,0,0,0,0,1,0,0,1,0.02541912674409519,0,1,0,2,0.0,-0.0,0.05476163882203133,10.0,0.2541912674409519,0.5801390789096119,-0.8408742313316453,1.1208722590125129
0,0,1,1,0,0,0,0,1,0,1,1,1,0,1,0,0,0,0,0,0,1,0,0,1,0.10789142699330445,0,1,0,2,0.0,-0.0,0.3351972416459009,10.0,1.0789142699330445,0.7003036772779889,-0.27957696673570154,1.2964196398976382
0,0,1,1,0,0,0,0,1,0,1,1,1,0,1,0,0,0,0,0,0,1,0,0,1,0.03142918568673425,0,1,0,2,0.0,-0.0,0.8028534485980114,10.0,0.3142918568673425,-0.061947862154903444,0.37518142230432117,-0.08168091394864374
0,0,1,1,0,0,0,0,1,0,1,1,1,0,1,0,0,0,0,0,0,1,0,0,1,0.6364104112637804,0,1,0,2,0.0,0.0,0.004632023004602859,10.0,6.364104112637804,0.7371224891596195,1.0260910502108338,-0.5147567306928669
0,0,1,1,0,0,0,0,1,0,1,1,1,0,1,0,0,0,0,0,0,1,0,0,1,0.3143559810763267,0,1,0,2,0.0,0.0,0.3334991716911442,10.0,3.143559810763267,0.620433669223151,1.517659020469123,0.8507224549339929
0,0,1,1,0,0,0,0,1,0,1,1,1,0,1,0,0,0,0,0,0,1,0,0,1,0.5085706911647028,0,1,0,2,0.0,0.0,0.3981686935909433,10.0,5.085706911647028,1.0751968932381037,0.2742561868465344,-0.7239402667622565
0,0,1,1,0,0,0,0,1,0,1,1,1,0,1,0,0,0,0,0,0,1,0,0,1,0.907566473926093,0,1,0,2,0.0,0.0,0.5373956029379229,10.0,9.07566473926093,1.1708779878885798,1.1867667644770783,1.534083468259226
0,0,1,1,0,0,0,0,1,0,1,1,1,0,1,0,0,0,0,0,0,1,0,0,1,0.24929222914887494,0,1,0,2,0.0,-0.0,0.9198556164127605,10.0,2.4929222914887497,1.9380854196079431,0.24461706764667746,0.7300267689413582
0,0,1,1,0,0,0,0,1,0,1,1,1,0,1,0,0,0,0,0,0,1,0,0,1,0.41038292303562973,0,1,0,2,0.0,-0.0,0.34634599436596125,10.0,4.103829230356297,1.475211919093025,0.38848219700805176,0.7337859117907477
0,0,1,1,0,0,0,0,1,0,1,1,1,0,1,0,0,0,0,0,0,1,0,0,1,0.7555511385430487,0,1,0,2,0.0,0.0,0.3469532018962277,10.0,7.555511385430487,0.7115481721687984,-0.40666109684822227,-0.0558956462036273
0,0,1,1,0,0,0,0,1,0,1,1,1,0,1,0,0,0,0,0,0,1,0,0,1,0.22879816549162246,0,1,0,2,0.0,-0.0,0.7375012481097484,10.0,2.2879816549162246,0.550792664325821,0.0767667538890957,1.830880232214457
0,0,1,1,0,0,0,0,1,0,1,1,1,0,1,0,0,0,0,0,0,1,0,0,1,0.07697990982879299,0,1,0,2,0.0,0.0,0.45221794088980716,10.0,0.7697990982879299,1.2459595857532528,-0.35168460561633363,2.3335289616089248
0,0,1,1,0,0,0,0,1,0,1,1,1,0,1,0,0,0,0,0,0,1,0,0,1,0.289751452913768,0,1,0,2,0.0,-0.0,0.22460482293998196,10.0,2.8975145291376805,0.3398833964896789,0.02412674702266726,-0.4937356425714554
0,0,1,1,0,0,0,0,1,0,1,1,1,0,1,0,0,0,0,0,0,1,0,0,1,0.16122128725400442,0,1,0,2,0.0,0.0,0.4524395161326934,10.0,1.6122128725400442,1.9157293829271769,2.0536417966078395,0.8740565698475722
0,0,1,1,0,0,0,0,1,0,1,1,1,0,1,0,0,0,0,0,0,1,0,0,1,0.9296976523425731,0,1,0,2,0.0,-0.0,0.14085702037979986,10.0,9.29697652342573,1.5897200603606434,0.05060111116805699,2.7276689924732924
0,0,1,1,0,0,0,0,1,0,1,1,1,0,1,0,0,0,0,0,0,1,0,0,1,0.808120379564417,0,1,0,2,0.0,0.0,0.1763869865062233,10.0,8.08120379564417,0.7654121739476476,3.632382064837391,0.29035898130879456
0,0,1,1,0,0,0,0,1,0,1,1,1,0,1,0,0,0,0,0,0,1,0,0,1,0.6334037565104235,0,1,0,2,0.0,0.0,0.49836777273947974,10.0,6.334037565104235,0.14343273545456126,1.4933179008808892,3.1725723868377034
0,0,1,1,0,0,0,0,1,0,1,1,1,0,1,0,0,0,0,0,0,1,0,0,1,0.8714605901877177,0,1,0,2,0.0,0.0,0.4189254495045479,10.0,8.714605901877178,1.6769361870827064,1.184836123694874,0.9190190093660452
0,0,1,1,0,0,0,0,1,0,1,1,1,0,1,0,0,0,0,0,0,1,0,0,1,0.8036720768991145,0,1,0,2,0.0,-0.0,0.9148459010681,10.0,8.036720768991145,0.9427300773736911,0.14164221981878644,0.7949881442415911
0,0,1,1,0,0,0,0,1,0,1,1,1,0,1,0,0,0,0,0,0,1,0,0,1,0.18657005888603584,0,1,0,2,0.0,0.0,0.3623938991166331,10.0,1.8657005888603584,1.6189081559867309,1.7003098794089913,0.444230922342294
0,0,1,1,0,0,0,0,1,0,1,1,1,0,1,0,0,0,0,0,0,1,0,0,1,0.8925589984899778,0,1,0,2,0.0,0.0,0.5805883502780435,10.0,8.925589984899778,0.20278617060281645,0.42436217376222607,1.0583269125217223
0,0,1,1,0,0,0,0,1,0,1,1,1,0,1,0,0,0,0,0,0,1,0,0,1,0.5393422419156507,0,1,0,2,0.0,0.0,0.6322642879195304,10.0,5.393422419156507,0.7003124885231136,1.1220098146453614,1.5760053914124115
0,0,1,1,1,1,0,1,1,1,1,0,0,1,0,1,1,1,1,1,1,0,0,1,2,0.8074401551640625,1,2,3,2,0.0,0.0,0.013094456588333636,0.9090909090909091,8.074401551640625,1.0026218498590915,2.5600845382687947,1.0387559924463692
0,0,1,1,1,1,0,1,1,1,1,0,0,1,0,1,1,1,1,1,1,0,0,1,2,0.8960912999234932,1,2,3,2,0.0,0.0,0.6635373720167106,0.9090909090909091,8.960912999234932,1.023490296882371,-0.09605989972464987,-0.42067359307936625
0,0,0,1,1,1,0,1,1,1,1,0,0,1,0,1,1,1,1,1,1,0,0,1,2,0.3180034749718639,1,2,3,2,0.0,-0.0,0.17803596686975143,0.9090909090909091,3.1800347497186388,0.7749672642603782,1.1492733262856758,0.669360824036078
0,0,1,0,1,1,0,1,1,1,1,0,0,1,0,1,1,1,1,1,1,0,0,1,2,0.11005192452767676,1,2,3,1,0.0,0.0,0.9610703174694551,0.9090909090909091,1.1005192452767676,0.0,-0.7031764251258874,-0.9137144969049802
0,0,1,1,0,1,0,1,1,1,1,0,0,1,0,1,1,1,1,1,1,0,0,1,2,0.22793516254194168,0,2,3,2,0.0,0.0,0.14866272775311296,10.0,2.279351625419417,0.4661897853087028,-0.0349884904969617,0.38877393865129967
0,0,1,1,1,0,0,1,1,1,1,0,0,1,0,1,1,1,1,1,1,0,0,1,2,0.4271077886262563,1,2,3,2,0.0,0.0,0.41462412372702373,0.9090909090909091,4.271077886262563,0.9288102574893533,1.77080063563551,-0.40390764146478975
0,0,1,1,1,1,0,0,1,1,1,0,0,1,0,1,1,1,1,1,1,0,0,1,2,0.8180147659224931,1,2,2,2,0.0,-0.0,0.08534966807864386,0.9090909090909091,8.18014765922493,1.0601478158559494,-0.6269670577877674,-0.23552994258976656
0,0,1,1,1,1,0,1,0,1,1,0,0,1,0,1,1,1,1,1,1,0,0,1,2,0.8607305832563434,1,1,3,2,0.0,-0.0,0.9968742518459474,0.9090909090909091,8.607305832563434,1.2572194170293745,1.8124485579969287,1.7360931752104374
0,0,1,1,1,1,0,1,1,0,1,0,0,1,0,1,1,1,1,1,1,0,0,1,2,0.006952130531190703,1,2,2,2,0.0,0.0,0.5021950103312426,0.9090909090909091,0.06952130531190703,1.3558074390444448,0.7077519354554754,1.591310120594269
0,0,1,1,1,1,0,1,1,1,0,0,0,1,0,1,1,1,1,1,1,0,0,1,2,0.5107473025775657,1,2,3,2,0.0,0.0,0.5953850173200438,0.9090909090909091,5.107473025775658,0.4376789540810654,-0.5624667758942676,1.109138120907177
0,0,1,1,1,1,0,1,1,1,1,0,0,1,0,1,1,1,1,1,1,0,0,1,2,0.417411003148779,1,2,3,2,0.0,-0.0,0.06707647738842748,0.9090909090909091,4.17411003148779,0.23294291463218886,0.632407739055521,-0.592312764672579
0,0,1,1,1,1,0,1,1,1,1,0,0,1,0,1,1,1,1,1,1,0,0,1,2,0.22210781047073025,1,2,3,2,0.0,0.0,0.7499604703991778,0.9090909090909091,2.2210781047073027,1.6388384109492544,0.9725544496267299,0.18359155030519808
0,0,0,1,1,1,0,1,1,1,1,0,0,1,0,1,1,1,1,1,1,0,0,1,2,0.1198653673336828,1,2,3,2,0.0,-0.0,0.20990559309558576,0.9090909090909091,1.198653673336828,1.1661570059897959,0.6218099622171964,1.7130976999791834
0,0,1,0,1,1,0,1,1,1,1,0,0,1,0,1,1,1,1,1,1,0,0,1,2,0.33761517140362796,1,2,3,1,0.0,-0.0,0.8980542894407137,0.9090909090909091,3.3761517140362796,0.0,-1.5702247198904564,0.6417169136399048
0,0,1,1,0,1,0,1,1,1,1,0,0,1,0,1,1,1,1,1,1,0,0,1,2,0.9429097039125192,0,2,3,2,0.0,-0.0,0.20513964048200717,10.0,9.429097039125192,1.7755759877612616,-0.7271371758248686,2.819329539981694
0,0,1,1,1,0,0,1,1,1,1,0,0,1,0,1,1,1,1,1,1,0,0,1,2,0.32320293202075523,1,2,3,2,0.0,-0.0,0.19068772066366657,0.9090909090909091,3.2320293202075523,1.0578373171464293,-0.24751863555150475,0.8933178393943719
0,0,1,1,1,1,0,0,1,1,1,0,0,1,0,1,1,1,1,1,1,0,0,1,2,0.5187906217433661,1,2,2,2,0.0,0.0,0.03654966784809488,0.9090909090909091,5.187906217433661,1.5896485920319132,-0.07443342910004629,0.6920491164900315
0,0,1,1,1,1,0,1,0,1,1,0,0,1,0,1,1,1,1,1,1,0,0,1,2,0.7030189588951778,1,1,3,2,0.0,-0.0,0.47206694510999925,0.9090909090909091,7.030189588951778,1.0337592407050544,0.620672097550678,0.19088353579749862
0,0,1,1,1,1,0,1,1,0,1,0,0,1,0,1,1,1,1,1,1,0,0,1,2,0.363629602379294,1,2,2,2,0.0,0.0,0.5648411332626164,0.9090909090909091,3.63629602379294,2.0303739624409936,0.17770100093325383,0.6335409047822823
0,0,1,1,1,1,0,1,1,1,0,0,0,1,0,1,1,1,1,1,1,0,0,1,2,0.9717820827209607,1,2,3,2,0.0,0.0,0.06570863942835237,0.9090909090909091,9.717820827209607,1.8776704212216022,-1.3353443587101013,0.3475301636194561
0,0,1,1,1,1,0,1,1,1,1,0,0,1,0,1,1,1,1,1,1,0,0,1,2,0.9624472949421112,1,2,3,2,0.0,0.0,0.7755276166950106,0.9090909090909091,9.624472949421111,0.8755179257604633,0.3801978510059632,1.2081086766885905
0,0,1,1,1,1,0,1,1,1,1,0,0,1,0,1,1,1,1,1,1,0,0,1,2,0.25178229582536416,1,2,3,2,0.0,0.0,0.4532888347480276,0.9090909090909091,2.5178229582536416,1.4857854754771778,0.6105857452838231,1.456702316794584
0,0,0,1,1,1,0,1,1,1,1,0,0,1,0,1,1,1,1,1,1,0,0,1,2,0.49724850589238545,1,2,3,2,0.0,-0.0,0.52439026932758,0.9090909090909091,4.972485058923855,1.3226879747925737,0.5597904479310398,-0.2859894605079495
0,0,1,0,1,1,0,1,1,1,1,0,0,1,0,1,1,1,1,1,1,0,0,1,2,0.30087830981676966,1,2,3,1,0.0,0.0,0.44076274693822814,0.9090909090909091,3.0087830981676964,0.0,1.0807807255546218,-0.831232953557778
0,0,1,1,0,1,0,1,1,1,1,0,0,1,0,1,1,1,1,1,1,0,0,1,2,0.2848404943774676,0,2,3,2,0.0,0.0,0.400763060875326,10.0,2.848404943774676,0.5175382697099478,0.8339221545489041,-1.3362053731032966
0,0,1,1,1,0,0,1,1,1,1,0,0,1,0,1,1,1,1,1,1,0,0,1,2,0.036886947354532795,1,2,3,2,0.0,-0.0,0.5596403313082179,0.9090909090909091,0.36886947354532795,1.3430257299992197,0.4591800792284367,1.0079913269125438
0,0,1,1,1,1,0,0,1,1,1,0,0,1,0,1,1,1,1,1,1,0,0,1,2,0.6095643339798968,1,2,2,2,0.0,0.0,0.1552402459307125,0.9090909090909091,6.095643339798968,1.529212243424794,-0.07016571145864703,-0.6033666061738736
0,0,1,1,1,1,0,1,0,1,1,0,0,1,0,1,1,1,1,1,1,0,0,1,2,0.5026790232288615,1,1,3,2,0.0,0.0,0.18192813049527112,0.9090909090909091,5.026790232288615,0.12063025678844286,-1.6609609335159914,-1.6528905929524829
0,0,1,1,1,1,0,1,1,0,1,0,0,1,0,1,1,1,1,1,1,0,0,1,2,0.05147875124998935,1,2,2,2,0.0,0.0,0.8617856210135173,0.9090909090909091,0.5147875124998935,0.40837074366711246,0.42961821913258585,0.888578604530964
0,0,1,1,1,1,0,1,1,1,0,0,0,1,0,1,1,1,1,1,1,0,0,1,2,0.27864646423661144,1,2,3,2,0.0,0.0,0.9461154621336327,0.9090909090909091,2.7864646423661146,-0.019616088880050286,0.20768768716311115,2.9929995174327906
0,0,1,1,1,1,0,1,1,1,1,0,0,1,0,1,1,1,1,1,1,0,0,1,2,0.9082658859666537,1,2,3,2,0.0,0.0,0.37330931627975295,0.9090909090909091,9.082658859666537,0.8652965827777211,0.27157883719537346,0.4939290884601067
0,0,1,1,1,1,0,1,1,1,1,0,0,1,0,1,1,1,1,1,1,0,0,1,2,0.23956189066697242,1,2,3,2,0.0,-0.0,0.27074467314355377,0.9090909090909091,2.395618906669724,1.358771127897981,-1.2767485758203094,1.3384907744516419
0,0,0,1,1,1,0,1,1,1,1,0,0,1,0,1,1,1,1,1,1,0,0,1,2,0.1448948720912231,1,2,3,2,0.0,0.0,0.6439995432390158,0.9090909090909091,1.448948720912231,1.751178526048014,-1.0810565404082624,0.581829358547565
0,0,1,0,1,1,0,1,1,1,1,0,0,1,0,1,1,1,1,1,1,0,0,1,2,0.489452760277563,1,2,3,1,0.0,0.0,0.4087341710980964,0.9090909090909091,4.89452760277563,0.0,1.0531528533329035,0.4011103468088573
0,0,1,1,0,1,0,1,1,1,1,0,0,1,0,1,1,1,1,1,1,0,0,1,2,0.9856504541106007,0,2,3,2,0.0,-0.0,0.02538635566034486,10.0,9.856504541106007,1.814307772785646,-0.03955515385665504,1.4190764829877685
0,0,1,1,1,0,0,1,1,1,1,0,0,1,0,1,1,1,1,1,1,0,0,1,2,0.2420552715115004,1,2,3,2,0.0,-0.0,0.15615259736619036,0.9090909090909091,2.4205527151150044,0.3099492708925543,0.6815006973726244,0.20972545581134866
0,0,1,1,1,1,0,0,1,1,1,0,0,1,0,1,1,1,1,1,1,0,0,1,2,0.6721355474058786,1,2,2,2,0.0,-0.0,0.7159722288473975,0.9090909090909091,6.721355474058786,0.14830878032242267,0.028318376130461172,0.767392314071903
0,0,1,1,1,1,0,1,0,1,1,0,0,1,0,1,1,1,1,1,1,0,0,1,2,0.7616196153287176,1,1,3,2,0.0,0.0,0.6589239419101514,0.9090909090909091,7.616196153287175,0.9722261505516906,0.02975613949574519,0.8216978061960136
0,0,1,1,1,1,0,1,1,0,1,0,0,1,0,1,1,1,1,1,1,0,0,1,2,0.23763754399239967,1,2,2,2,0.0,0.0,0.02709599250348349,0.9090909090909091,2.3763754399239967,1.1920327244696536,0.9382838059759977,-0.16809045364304875
0,0,1,1,1,1,0,1,1,1,0,0,0,1,0,1,1,1,1,1,1,0,0,1,2,0.7282163486118596,1,2,3,2,0.0,-0.0,0.22197216193294944,0.9090909090909091,7.282163486118596,0.9836526259529534,-0.5160447282173739,1.492042349536523
0,0,1,1,1,1,0,1,1,1,1,0,0,1,0,1,1,1,1,1,1,0,0,1,2,0.3677831327192532,1,2,3,2,0.0,0.0,0.2310747965880714,0.9090909090909091,3.677831327192532,-0.0337210500199383,0.09612077694098337,0.32504024330459136
0,0,1,1,1,1,0,1,1,1,1,0,0,1,0,1,1,1,1,1,1,0,0,1,2,0.6323058305935795,1,2,3,2,0.0,-0.0,0.6718927435987284,0.9090909090909091,6.3230583059357945,0.9554399802436058,-0.4622752887050425,-0.2557451594928447
0,0,0,1,1,1,0,1,1,1,1,0,0,1,0,1,1,1,1,1,1,0,0,1,2,0.6335297107608947,1,2,3,2,0.0,0.0,0.019710537754364155,0.9090909090909091,6.335297107608947,0.3477652497475734,-0.4344962274323156,1.0365098435704034
0,0,1,0,1,1,0,1,1,1,1,0,0,1,0,1,1,1,1,1,1,0,0,1,2,0.5357746840747585,1,2,3,1,0.0,0.0,0.10410858198457384,0.9090909090909091,5.357746840747585,0.0,-0.30917212346863937,-0.39846798179103726
0,0,1,1,0,1,0,1,1,1,1,0,0,1,0,1,1,1,1,1,1,0,0,1,2,0.0902897700544083,0,2,3,2,0.0,0.0,0.7999160853731894,10.0,0.902897700544083,1.1832991230484242,0.22213377163371284,0.5281811573691283
0,0,1,1,1,0,0,1,1,1,1,0,0,1,0,1,1,1,1,1,1,0,0,1,2,0.835302495589238,1,2,3,2,0.0,-0.0,0.1785446620543336,0.9090909090909091,8.35302495589238,0.5300601068363224,-0.4787486216634773,0.49088100335579643
0,0,1,1,1,1,0,0,1,1,1,0,0,1,0,1,1,1,1,1,1,0,0,1,2,0.32078006497173583,1,2,2,2,0.0,-0.0,0.6527461078518747,0.9090909090909091,3.2078006497173583,0.7430665413316533,1.2557561255735208,1.585895565831578
0,0,1,1,1,1,0,1,0,1,1,0,0,1,0,1,1,1,1,1,1,0,0,1,2,0.18651851039985423,1,1,3,2,0.0,-0.0,0.23818278104672652,0.9090909090909091,1.8651851039985423,0.4703932390555242,-0.8946073022195039,0.9746982328799527
0,0,1,1,1,1,0,1,1,0,1,0,0,1,0,1,1,1,1,1,1,0,0,1,2,0.040775141554763916,1,2,2,2,0.0,-0.0,0.09944139275934516,0.9090909090909091,0.40775141554763916,0.968660451363414,-0.18687164416135904,0.47497304125485607
0,0,1,1,1,1,0,1,1,1,0,0,0,1,0,1,1,1,1,1,1,0,0,1,2,0.5908929431882418,1,2,3,2,0.0,0.0,0.24317219099945409,0.9090909090909091,5.908929431882418,1.4775711602506192,-0.4397310582741749,1.317766299200287
0,0,1,1,1,1,0,1,1,1,1,0,0,1,0,1,1,1,1,1,1,0,0,1,2,0.6775643618422824,1,2,3,2,0.0,0.0,0.7222669318556592,0.9090909090909091,6.775643618422825,0.5071369768322281,1.4469778843537329,1.8902075490173134
0,0,1,1,1,1,0,1,1,1,1,0,0,1,0,1,1,1,1,1,1,0,0,1,2,0.016587828927856152,1,2,3,2,0.0,0.0,0.8556964681062857,0.9090909090909091,0.16587828927856152,1.252023257758922,0.19655477651157463,1.0578103063518622
0,0,0,1,1,1,0,1,1,1,1,0,0,1,0,1,1,1,1,1,1,0,0,1,2,0.512093058299281,1,2,3,2,0.0,0.0,0.8302198645669916,0.9090909090909091,5.12093058299281,0.7348711908137796,1.0318445394686349,0.5103526198433807
0,0,1,0,1,1,0,1,1,1,1,0,0,1,0,1,1,1,1,1,1,0,0,1,2,0.22649577519793795,1,2,3,1,0.0,0.0,0.3971835296184548,0.9090909090909091,2.2649577519793795,0.0,-1.485560373036972,-0.8118362323501596
0,0,1,1,0,1,0,1,1,1,1,0,0,1,0,1,1,1,1,1,1,0,0,1,2,0.6451727904094499,0,2,3,2,0.0,0.0,0.6680851365706462,10.0,6.451727904094499,0.946484820022721,0.26705026586925884,-0.5651136630753726
0,0,1,1,1,0,0,1,1,1,1,0,0,1,0,1,1,1,1,1,1,0,0,1,2,0.17436642900499144,1,2,3,2,0.0,0.0,0.20498429541582097,0.9090909090909091,1.7436642900499144,0.48237883879031296,0.889630795623437,0.19477529564533236
0,0,1,1,1,1,0,0,1,1,1,0,0,1,0,1,1,1,1,1,1,0,0,1,2,0.690937738102466,1,2,2,2,0.0,0.0,0.29314773026101326,0.9090909090909091,6.90937738102466,0.723175347326409,0.08228398927542419,-0.10951220215928315
0,0,1,1,1,1,0,1,0,1,1,0,0,1,0,1,1,1,1,1,1,0,0,1,2,0.3867353463005374,1,1,3,2,0.0,-0.0,0.8963358185211198,0.9090909090909091,3.867353463005374,0.40106105370557577,1.0654803750653512,0.313028697014554
0,0,1,1,1,1,0,1,1,0,1,0,0,1,0,1,1,1,1,1,1,0,0,1,2,0.9367299887367345,1,2,2,2,0.0,-0.0,0.013001923510736035,0.9090909090909091,9.367299887367345,1.9823625664581948,-0.5172884501003722,0.5566499248971072
0,0,1,1,1,1,0,1,1,1,0,0,0,1,0,1,1,1,1,1,1,0,0,1,2,0.13752094414599325,1,2,3,2,0.0,-0.0,0.08550853085446808,0.9090909090909091,1.3752094414599325,1.0176317759858644,1.40934744018558,1.0296927543567307
0,0,1,1,1,1,0,1,1,1,1,0,0,1,0,1,1,1,1,1,1,0,0,1,2,0.3410663510502585,1,2,3,2,0.0,0.0,0.20788625514602732,0.9090909090909091,3.410663510502585,0.6501372460037071,2.2988981236192503,0.4295012219409088
0,0,1,1,1,1,0,1,1,1,1,0,0,1,0,1,1,1,1,1,1,0,0,1,2,0.11347352124058907,1,2,3,2,0.0,0.0,0.026532203873819715,0.9090909090909091,1.1347352124058907,1.106989955367111,-0.36283856043965906,0.986501643826202
0,0,1,1,1,1,0,1,1,1,1,0,0,1,0,1,1,1,1,1,1,0,0,1,2,0.9246936182785628,1,2,3,2,0.0,-0.0,0.18143543508979731,0.9090909090909091,9.246936182785628,0.9438359751545851,-0.4455025214007718,0.5644744148101203
0,0,1,1,1,1,0,1,1,1,1,0,0,1,0,1,1,1,1,1,1,0,0,1,2,0.877339353380981,1,2,3,2,0.0,0.0,0.5830415609696922,0.9090909090909091,8.77339353380981,0.8895152002333885,1.453384477117701,-1.4754665663538713
0,0,1,1,1,1,0,1,1,1,1,0,0,1,0,1,1,1,1,1,1,0,0,1,2,0.2579416277151556,1,2,3,2,0.0,0.0,0.42142455059249795,0.9090909090909091,2.579416277151556,1.3070833500217125,1.5795721457307124,-0.4393353938187543
0,0,1,1,1,1,0,1,1,1,1,0,0,1,0,1,1,1,1,1,1,0,0,1,2,0.659984046034179,1,2,3,2,0.0,-0.0,0.8926717110769748,0.9090909090909091,6.59984046034179,1.3787538550236524,-0.5228600271532683,0.35591244427838453
0,0,1,1,1,1,0,1,1,1,1,0,0,1,0,1,1,1,1,1,1,0,0,1,2,0.8172222002012158,1,2,3,2,0.0,-0.0,0.8174435617384409,0.9090909090909091,8.172222002012159,0.7347494261947363,-0.42018681709585726,-0.7096947428411076
0,0,1,1,1,1,0,1,1,1,1,0,0,1,0,1,1,1,1,1,1,0,0,1,2,0.5552008115994623,1,2,3,2,0.0,0.0,0.34181735169787597,0.9090909090909091,5.5520081159946235,0.7120908796776599,-0.2817846088605072,1.0999287299962046
0,0,1,1,1,1,0,1,1,1,1,0,0,1,0,1,1,1,1,1,1,0,0,1,2,0.5296505783560065,1,2,3,2,0.0,0.0,0.2594234334312925,0.9090909090909091,5.296505783560065,0.862474151424178,-1.344450511034277,2.0307508323436974
0,0,1,1,1,1,0,1,1,1,1,0,0,1,0,1,1,1,1,1,1,0,0,1,2,0.24185229090045168,1,2,3,2,0.0,0.0,0.3796924081672669,0.9090909090909091,2.418522909004517,-0.15096058236779242,-0.9186519464841982,1.7187618516973167
0,0,1,1,1,1,0,1,1,1,1,0,0,1,0,1,1,1,1,1,1,0,0,1,2,0.09310276780589921,1,2,3,2,0.0,0.0,0.5902949425148077,0.9090909090909091,0.9310276780589921,0.24240446890072387,-1.0041407667520679,0.286557129069792
0,0,1,1,1,1,0,1,1,1,1,0,0,1,0,1,1,1,1,1,1,0,0,1,2,0.8972157579533268,1,2,3,2,0.0,0.0,0.26806364082287626,0.9090909090909091,8.972157579533267,1.6834371337222622,-0.7677975651041284,1.990726136849952
0,0,1,1,1,1,0,1,1,1,1,0,0,1,0,1,1,1,1,1,1,0,0,1,2,0.9004180571633305,1,2,3,2,0.0,0.0,0.624148907849134,0.9090909090909091,9.004180571633304,1.8224838567506418,-0.03468488738678118,0.6486674572021116
0,0,1,1,1,1,0,1,1,1,1,0,0,1,0,1,1,1,1,1,1,0,0,1,2,0.6331014572732679,1,2,3,2,0.0,0.0,0.4094116521912404,0.9090909090909091,6.33101457273268,0.8754819802218108,0.23421473253652075,0.16291402888196066
0,0,1,1,1,1,0,1,1,1,1,0,0,1,0,1,1,1,1,1,1,0,0,1,2,0.3390297910487007,1,2,3,2,0.0,0.0,0.5520471808519802,0.9090909090909091,3.390297910487007,1.2882784815278832,1.5505004928140769,-0.11340266354093975
0,0,1,1,1,1,0,1,1,1,1,0,0,1,0,1,1,1,1,1,1,0,0,1,2,0.3492095746126609,1,2,3,2,0.0,-0.0,0.4361265291353167,0.9090909090909091,3.492095746126609,1.155625077271768,-0.998354040738791,0.19753031351187167
0,0,1,1,1,1,0,1,1,1,1,0,0,1,0,1,1,1,1,1,1,0,0,1,2,0.7259556788702394,1,2,3,2,0.0,-0.0,0.29446575954191767,0.9090909090909091,7.259556788702394,2.539440404227619,0.9843223984765838,0.11182318145877124
0,0,1,1,1,1,0,1,1,1,1,0,0,1,0,1,1,1,1,1,1,0,0,1,2,0.8971102599525771,1,2,3,2,0.0,-0.0,0.9484533069621567,0.9090909090909091,8.971102599525771,1.5597874557172884,-0.21398884422550896,0.6704162223754877
0,0,1,1,1,1,0,1,1,1,1,0,0,1,0,1,1,1,1,1,1,0,0,1,2,0.8870864242651173,1,2,3,2,0.0,0.0,0.7636057941597608,0.9090909090909091,8.870864242651173,0.9360412042596167,-0.04946370965243295,0.6605739810498645
0,0,1,1,1,1,0,1,1,1,1,0,0,1,0,1,1,1,1,1,1,0,0,1,2,0.7798755458576239,1,2,3,2,0.0,0.0,0.14011317576645255,0.9090909090909091,7.798755458576238,0.5222297796997871,0.6748194921666038,0.5030460201534145
0,0,1,1,1,1,0,1,1,1,1,0,0,1,0,1,1,1,1,1,1,0,0,1,2,0.6420316461542878,1,2,3,2,0.0,0.0,0.8684679758979128,0.9090909090909091,6.420316461542877,0.19677683987121375,-1.1227220215622986,0.9369381697463499
0,0,1,1,1,1,0,1,1,1,1,0,0,1,0,1,1,1,1,1,1,0,0,1,2,0.08413996499504883,1,2,3,2,0.0,-0.0,0.48743119824951364,0.9090909090909091,0.8413996499504883,1.1017318179336115,0.3824097461840506,1.6906462747863413
0,0,1,1,1,1,0,1,1,1,1,0,0,1,0,1,1,1,1,1,1,0,0,1,2,0.16162871409461377,1,2,3,2,0.0,-0.0,0.8945522268940914,0.9090909090909091,1.6162871409461377,0.6218246273578483,0.1664522082130561,1.4495541354413237
0,0,1,1,1,1,0,1,1,1,1,0,0,1,0,1,1,1,1,1,1,0,0,1,2,0.8985541885270792,1,2,3,2,0.0,-0.0,0.7998552559473152,0.9090909090909091,8.985541885270793,0.2888731452011629,0.4924512640081491,-0.9848979684499035
0,0,1,1,1,1,0,1,1,1,1,0,0,1,0,1,1,1,1,1,1,0,0,1,2,0.6064290596595899,1,2,3,2,0.0,-0.0,0.42521350446923345,0.9090909090909091,6.0642905965958995,0.6767135578787367,0.2891686439078181,-2.053921134901955
0,0,1,1,1,1,0,1,1,1,1,0,0,1,0,1,1,1,1,1,1,0,0,1,2,0.009197051616629648,1,2,3,2,0.0,0.0,0.022469308320117398,0.9090909090909091,0.09197051616629648,0.4592259981928025,2.4553001399108942,1.4343199112392737
0,0,1,1,1,1,0,1,1,1,1,0,0,1,0,1,1,1,1,1,1,0,0,1,2,0.1014715428660321,1,2,3,2,0.0,-0.0,0.2686773593849461,0.9090909090909091,1.014715428660321,1.8435708175362824,-0.637739984251316,-0.8668786984154211
0,0,1,1,1,1,0,1,1,1,1,0,0,1,0,1,1,1,1,1,1,0,0,1,2,0.6635017691080558,1,2,3,2,0.0,-0.0,0.5416342146608669,0.9090909090909091,6.635017691080558,1.4408198784747253,-0.5309969550018176,0.27523459810731643
0,0,1,1,1,1,0,1,1,1,1,0,0,1,0,1,1,1,1,1,1,0,0,1,2,0.005061583846218687,1,2,3,2,0.0,0.0,0.6334782198261473,0.9090909090909091,0.05061583846218687,0.9960136793416913,-0.6231405264247644,-0.6701130260593595
0,0,1,1,1,1,0,1,1,1,1,0,0,1,0,1,1,1,1,1,1,0,0,1,2,0.16080805141749865,1,2,3,2,0.0,-0.0,0.2578876854332023,0.9090909090909091,1.6080805141749865,1.739972069445013,-0.5554771191602547,-1.3019804375800197
0,0,1,1,1,1,0,1,1,1,1,0,0,1,0,1,1,1,1,1,1,0,0,1,2,0.5487337893665861,1,2,3,2,0.0,0.0,0.13935607407282413,0.9090909090909091,5.487337893665861,1.0386841538238092,-0.6373871273065177,1.0414627282047881
0,0,1,1,1,1,0,1,1,1,1,0,0,1,0,1,1,1,1,1,1,0,0,1,2,0.6918951976926933,1,2,3,2,0.0,0.0,0.8349302367992991,0.9090909090909091,6.918951976926932,0.5693578993358681,1.1890165311075518,1.259155160302647
0,0,1,1,1,1,0,1,1,1,1,0,0,1,0,1,1,1,1,1,1,0,0,1,2,0.6519612595026005,1,2,3,2,0.0,-0.0,0.9844021807035521,0.9090909090909091,6.519612595026006,1.7615620386348287,1.4205042479898549,-0.07651040072671944
0,0,1,1,1,1,0,1,1,1,1,0,0,1,0,1,1,1,1,1,1,0,0,1,2,0.22426930946055978,1,2,3,2,0.0,0.0,0.5256901823026858,0.9090909090909091,2.242693094605598,1.2694550218423293,-0.5707462937494763,-2.09104229214491
0,0,1,1,1,1,0,1,1,1,1,0,0,1,0,1,1,1,1,1,1,0,0,1,2,0.7121792213475359,1,2,3,2,0.0,0.0,0.1716792858483035,0.9090909090909091,7.121792213475358,0.4813769228367718,-0.8323555731042287,-0.04624444825248275
0,0,1,1,1,1,0,1,1,1,1,0,0,1,0,1,1,1,1,1,1,0,0,1,2,0.23724908749680007,1,2,3,2,0.0,0.0,0.27230732651936895,0.9090909090909091,2.3724908749680007,0.9048306609581959,0.4714155563864041,0.8918040054025465
0,0,1,1,1,1,0,1,1,1,1,0,0,1,0,1,1,1,1,1,1,0,0,1,2,0.3253996981592677,1,2,3,2,0.0,-0.0,0.018390676547466733,0.9090909090909091,3.2539969815926773,0.5621908733076214,-0.5522230442809712,-0.9789115687741288
0,0,1,1,1,1,0,1,1,1,1,0,0,1,0,1,1,1,1,1,1,0,0,1,2,0.7464914051180241,1,2,3,2,0.0,0.0,0.914298806560499,0.9090909090909091,7.464914051180242,0.30860013451783197,0.6329318177555108,0.6833599197791557
0,0,1,1,1,1,0,1,1,1,1,0,0,1,0,1,1,1,1,1,1,0,0,1,2,0.6496328990472147,1,2,3,2,0.0,-0.0,0.11775108289014113,0.9090909090909091,6.496328990472147,1.4630887737658207,0.2029230208512997,0.48469015082700445
0,0,1,1,1,1,0,1,1,1,1,0,0,1,0,1,1,1,1,1,1,0,0,1,2,0.8492234104941779,1,2,3,2,0.0,-0.0,0.5765164755142536,0.9090909090909091,8.49223410494178,1.9547083202350652,-1.515744114997232,1.0792914996010885
0,0,1,1,1,1,0,1,1,1,1,0,0,1,0,1,1,1,1,1,1,0,0,1,2,0.6576128923003434,1,2,3,2,0.0,-0.0,0.274055220687206,0.9090909090909091,6.576128923003433,0.3007162130904294,1.5475052013300616,0.6195803684141532
0,0,1,1,1,1,0,1,1,1,1,0,0,1,0,1,1,1,1,1,1,0,0,1,2,0.5683086033354716,1,2,3,2,0.0,0.0,0.5541780025157934,0.9090909090909091,5.683086033354716,1.2814846183452855,1.7958776730955217,-0.4730689408815555
0,0,1,1,1,1,0,1,1,1,1,0,0,1,0,1,1,1,1,1,1,0,0,1,2,0.09367476782809248,1,2,3,2,0.0,-0.0,0.6514203883518642,0.9090909090909091,0.9367476782809248,0.6746787154390865,-0.6127886904843862,1.6965715016644913
0,0,1,1,1,1,0,1,1,1,1,0,0,1,0,1,1,1,1,1,1,0,0,1,2,0.3677158030594335,1,2,3,2,0.0,-0.0,0.8297418037072016,0.9090909090909091,3.6771580305943354,0.756437308117652,-0.38770155993598415,0.34147042697303
0,0,1,1,1,1,0,1,1,1,1,0,0,1,0,1,1,1,1,1,1,0,0,1,2,0.26520236768172545,1,2,3,2,0.0,0.0,0.2064212717606032,0.9090909090909091,2.6520236768172545,0.7038030378805654,0.28586539072490497,0.47269546049006816
0,0,1,1,1,1,0,1,1,1,1,0,0,1,0,1,1,1,1,1,1,0,0,1,2,0.24398964337908358,1,2,3,2,0.0,-0.0,0.010995828658480478,0.9090909090909091,2.4398964337908358,0.5680046151600919,0.334456789987025,-0.43326795907319604
0,0,1,1,1,1,0,1,1,1,1,0,0,1,0,1,1,1,1,1,1,0,0,1,2,0.9730105547524456,1,2,3,2,0.0,-0.0,0.13688563006880727,0.9090909090909091,9.730105547524456,1.0242608139724134,0.6585442726728304,0.056717748808489676
0,0,1,1,1,1,0,1,1,1,1,0,0,1,0,1,1,1,1,1,1,0,0,1,2,0.3930977246667604,1,2,3,2,0.0,-0.0,0.9000186418481051,0.9090909090909091,3.930977246667604,0.5845249417944811,2.0102045387663496,-0.3848027140269009
0,0,1,1,1,1,0,1,1,1,1,0,0,1,0,1,1,1,1,1,1,0,0,1,2,0.8920465551771133,1,2,3,2,0.0,-0.0,0.8738900775625152,0.9090909090909091,8.920465551771134,1.1352284128899195,-0.1769472274940494,0.327053940076577
0,0,1,1,1,1,0,1,1,1,1,0,0,1,0,1,1,1,1,1,1,0,0,1,2,0.6311386259972629,1,2,3,2,0.0,-0.0,0.5974131021703083,0.9090909090909091,6.311386259972629,0.9748809452754316,-0.7982972445384537,2.2117084801423434
0,0,1,1,1,1,0,1,1,1,1,0,0,1,0,1,1,1,1,1,1,0,0,1,2,0.7948113035416484,1,2,3,2,0.0,-0.0,0.6005168604336534,0.9090909090909091,7.948113035416484,0.8805259765667951,-1.3793192280145272,-0.8719011429313563
0,0,1,1,1,1,0,1,1,1,1,0,0,1,0,1,1,1,1,1,1,0,0,1,2,0.5026370931051921,1,2,3,2,0.0,0.0,0.6650366745462555,0.9090909090909091,5.026370931051921,0.5462181689792011,-0.7309300399419191,-1.1135613978767411
0,0,1,1,1,1,0,1,1,1,1,0,0,1,0,1,1,1,1,1,1,0,0,1,2,0.5769038846263591,1,2,3,2,0.0,-0.0,0.1753712786234496,0.9090909090909091,5.769038846263591,0.7116143347158337,-0.033126972873797095,1.9711703274936085
0,0,1,1,1,1,0,1,1,1,1,0,0,1,0,1,1,1,1,1,1,0,0,1,2,0.4925176938188639,1,2,3,2,0.0,-0.0,0.9144119459249598,0.9090909090909091,4.925176938188639,1.377695612912878,1.7945578635177877,0.2906763228481339
0,0,1,1,1,1,0,1,1,1,1,0,0,1,0,1,1,1,1,1,1,0,0,1,2,0.1952429877980445,1,2,3,2,0.0,0.0,0.4187705248920731,0.9090909090909091,1.952429877980445,1.2504585938121904,-0.5176112990361714,-0.16907273865991657
0,0,1,1,1,1,0,1,1,1,1,0,0,1,0,1,1,1,1,1,1,0,0,1,2,0.7224521152615053,1,2,3,2,0.0,-0.0,0.38313852824949746,0.9090909090909091,7.224521152615053,0.5112223776007245,0.2237879516388985,1.5399046873960764
0,0,1,1,1,1,0,1,1,1,1,0,0,1,0,1,1,1,1,1,1,0,0,1,2,0.2807723624408558,1,2,3,2,0.0,0.0,0.5189177052828375,0.9090909090909091,2.807723624408558,1.049666152714613,-0.016422896072752075,-0.1056155397368641
0,0,1,1,1,1,0,1,1,1,1,0,0,1,0,1,1,1,1,1,1,0,0,1,2,0.02431596643145384,1,2,3,2,0.0,-0.0,0.046965966775055046,0.9090909090909091,0.2431596643145384,1.3756935616858945,1.188393273448084,2.326009713546936
0,0,1,1,1,1,0,1,1,1,1,0,0,1,0,1,1,1,1,1,1,0,0,1,2,0.6454722959071678,1,2,3,2,0.0,-0.0,0.1662833687560794,0.9090909090909091,6.454722959071678,0.16529735943931412,2.5269324258736217,1.177925871339269
0,0,1,1,1,1,0,1,1,1,1,0,0,1,0,1,1,1,1,1,1,0,0,1,2,0.17711067940704894,1,2,3,2,0.0,-0.0,0.7380336164263704,0.9090909090909091,1.7711067940704894,1.2716800961899675,-0.5308687729203206,0.012088591854297337
1,1,0,0,1,0,1,0,1,0,0,1,0,1,0,1,0,1,1,0,0,0,1,0,0,0.9404585843529143,2,2,0,1,1.4404585843529143,-0.6621298738556709,0.08279866792512647,0.9090909090909091,9.404585843529143,0.0,0.5105605574817779,2.6573082132655035
0,1,0,0,1,0,1,0,1,0,0,1,0,1,0,1,0,1,1,0,0,0,1,0,0,0.9539285770025874,2,2,0,1,0.0,-0.44281932193608275,0.6031521094663882,0.9090909090909091,9.539285770025874,0.0,2.0441608770690722,-0.1057149230033384
1,0,0,0,1,0,1,0,1,0,0,1,0,1,0,1,0,1,1,0,0,0,1,0,0,0.9148643902204485,2,2,0,1,1.4148643902204485,-0.0,0.24534910968132095,0.9090909090909091,9.148643902204485,0.0,1.6818914896263113,1.2420953720093069
1,1,0,0,0,0,1,0,1,0,0,1,0,1,0,1,0,1,1,0,0,0,1,0,0,0.3701587002554444,1,2,0,1,0.8701587002554444,-0.8225949324858888,0.38929561404197655,10.0,3.7015870025544437,0.0,2.8467073257360336,0.7992925804064919
1,1,0,0,1,0,0,0,1,0,0,1,0,1,0,1,0,1,1,0,0,0,1,0,0,0.015456616528867428,1,2,0,1,0.5154566165288674,-0.7587282577987984,0.28869373677069987,0.9090909090909091,0.15456616528867428,0.0,1.583928185325964,1.801741289398798
1,1,0,0,1,0,1,0,0,0,0,1,0,1,0,1,0,1,1,0,0,0,1,0,0,0.9283185625877254,2,1,0,1,1.4283185625877253,-0.07844246393454846,0.35567271646494913,0.9090909090909091,9.283185625877254,0.0,0.6407079092129404,2.061511196726853
1,1,0,0,1,0,1,0,1,0,0,0,0,1,0,1,0,1,1,0,0,0,1,0,0,0.42818414831731433,2,2,0,1,0.9281841483173143,-0.587332563188415,0.7190459051842455,0.9090909090909091,4.281841483173143,0.0,0.5906548306923093,0.5320041490657667
1,1,0,0,1,0,1,0,1,0,0,1,0,0,0,1,0,1,1,0,0,0,1,0,0,0.9666548190436696,2,2,0,0,1.4666548190436695,-0.2714602779038491,0.297121715623175,0.9090909090909091,9.666548190436696,0.0,2.1087035805829077,-0.25341787034618346
1,1,0,0,1,0,1,0,1,0,0,1,0,1,0,0,0,1,1,0,0,0,1,0,0,0.9636199770892528,2,1,0,1,1.4636199770892528,0.0068345417097137595,0.5664046402968972,0.9090909090909091,9.636199770892528,0.0,1.820482181197364,0.9599721429391164
1,1,0,0,1,0,1,0,1,0,0,1,0,1,0,1,0,0,1,0,0,0,1,0,0,0.8530094554673601,2,2,0,1,1.35300945546736,0.3807896572587306,0.47605040219909966,0.9090909090909091,8.530094554673601,0.0,1.5072740311072979,-0.1777153697521061
1,1,0,0,1,0,1,0,1,0,0,1,0,1,0,1,0,1,1,0,0,0,1,0,0,0.2944488920695857,2,2,0,1,0.7944488920695857,-0.9213757203178021,0.6636711653626481,0.9090909090909091,2.944488920695857,0.0,2.0666746895891537,2.513387247526623
0,1,0,0,1,0,1,0,1,0,0,1,0,1,0,1,0,1,1,0,0,0,1,0,0,0.38509772860192526,2,2,0,1,0.0,0.5988207978180853,0.936829739324758,0.9090909090909091,3.8509772860192526,0.0,2.1692955904456728,0.6365353310827374
1,0,0,0,1,0,1,0,1,0,0,1,0,1,0,1,0,1,1,0,0,0,1,0,0,0.8511366715168569,2,2,0,1,1.351136671516857,0.0,0.7325720972102503,0.9090909090909091,8.511366715168569,0.0,2.382158991037527,0.1346784486878913
1,1,0,0,0,0,1,0,1,0,0,1,0,1,0,1,0,1,1,0,0,0,1,0,0,0.31692200515627766,1,2,0,1,0.8169220051562777,-0.8364819361022562,0.21494037859075676,10.0,3.1692200515627764,0.0,1.6487098875896427,0.6846803058649085
1,1,0,0,1,0,0,0,1,0,0,1,0,1,0,1,0,1,1,0,0,0,1,0,0,0.1694927466860925,1,2,0,1,0.6694927466860925,0.7471572482135544,0.031183135061284672,0.9090909090909091,1.6949274668609249,0.0,0.8328819196831456,-0.8471262895296965
1,1,0,0,1,0,1,0,0,0,0,1,0,1,0,1,0,1,1,0,0,0,1,0,0,0.5568012624583502,2,1,0,1,1.0568012624583503,0.8417448010636264,0.2622640442998251,0.9090909090909091,5.568012624583502,0.0,1.1467136864333227,-0.47161403851065153
1,1,0,0,1,0,1,0,1,0,0,0,0,1,0,1,0,1,1,0,0,0,1,0,0,0.936154774160781,2,2,0,1,1.436154774160781,-0.8778440802902725,0.5950779307002548,0.9090909090909091,9.36154774160781,0.0,1.2065089665083568,1.7004139079444254
1,1,0,0,1,0,1,0,1,0,0,1,0,0,0,1,0,1,1,0,0,0,1,0,0,0.696029796674973,2,2,0,0,1.196029796674973,-0.44624470370559255,0.05142581348425035,0.9090909090909091,6.96029796674973,0.0,0.18306432901276393,-0.15689427897139574
1,1,0,0,1,0,1,0,1,0,0,1,0,1,0,0,0,1,1,0,0,0,1,0,0,0.570061170089365,2,1,0,1,1.070061170089365,0.6124025595861227,0.49636624720123634,0.9090909090909091,5.700611700893649,0.0,1.3686733088729013,-0.5469109826819396
1,1,0,0,1,0,1,0,1,0,0,1,0,1,0,1,0,0,1,0,0,0,1,0,0,0.09717649377076854,2,2,0,1,0.5971764937707685,0.4965193807673167,0.5968428489168892,0.9090909090909091,0.9717649377076854,0.0,0.6066611876726393,1.0366527525272862
1,1,0,0,1,0,1,0,1,0,0,1,0,1,0,1,0,1,1,0,0,0,1,0,0,0.6150072266991697,2,2,0,1,1.1150072266991697,-0.6309579612872454,0.3342438908169608,0.9090909090909091,6.150072266991698,0.0,1.0287448229348175,1.685704154662997
0,1,0,0,1,0,1,0,1,0,0,1,0,1,0,1,0,1,1,0,0,0,1,0,0,0.9900538501042633,2,2,0,1,0.0,-0.5813013533265794,0.7709122037458219,0.9090909090909091,9.900538501042632,0.0,2.278451862607299,1.2189533106650667
1,0,0,0,1,0,1,0,1,0,0,1,0,1,0,1,0,1,1,0,0,0,1,0,0,0.14008401523652403,2,2,0,1,0.640084015236524,-0.0,0.1065982531337718,0.9090909090909091,1.4008401523652403,-0.0,1.1910990680199034,1.4960476858058165
1,1,0,0,0,0,1,0,1,0,0,1,0,1,0,1,0,1,1,0,0,0,1,0,0,0.5183296523637367,1,2,0,1,1.0183296523637368,-0.030954029617957346,0.07513778173580876,10.0,5.183296523637368,0.0,1.0464365481561488,-0.25679508856946076
1,1,0,0,1,0,0,0,1,0,0,1,0,1,0,1,0,1,1,0,0,0,1,0,0,0.8773730719279554,1,2,0,1,1.3773730719279556,0.2365095430605919,0.7281887562036033,0.9090909090909091,8.773730719279554,0.0,-0.35985614097991925,-0.9218106667418438
1,1,0,0,1,0,1,0,0,0,0,1,0,1,0,1,0,1,1,0,0,0,1,0,0,0.7407686177542044,2,1,0,1,1.2407686177542043,-0.2621727208604552,0.49549131620619846,0.9090909090909091,7.407686177542044,0.0,1.7462535660272207,2.0013336519554867
1,1,0,0,1,0,1,0,1,0,0,0,0,1,0,1,0,1,1,0,0,0,1,0,0,0.697015740995268,2,2,0,1,1.197015740995268,-0.07493056773370421,0.688402396427736,0.9090909090909091,6.97015740995268,0.0,0.6454841811410754,0.17732016115786425
1,1,0,0,1,0,1,0,1,0,0,1,0,0,0,1,0,1,1,0,0,0,1,0,0,0.7024840839871093,2,2,0,0,1.2024840839871094,0.49494187626751307,0.4348273386037462,0.9090909090909091,7.024840839871093,0.0,3.16325472330546,0.24916698354495265
1,1,0,0,1,0,1,0,1,0,0,1,0,1,0,0,0,1,1,0,0,0,1,0,0,0.35949115121975517,2,1,0,1,0.8594911512197552,-0.9266335942188042,0.2464020332391068,0.9090909090909091,3.5949115121975517,0.0,0.6922217650469992,1.828194141849058
1,1,0,0,1,0,1,0,1,0,0,1,0,1,0,1,0,0,1,0,0,0,1,0,0,0.29359184426449336,2,2,0,1,0.7935918442644934,-0.4951261113119585,0.8191023176741997,0.9090909090909091,2.9359184426449336,0.0,1.219150327663939,1.05623000940066
1,1,0,0,1,0,1,0,1,0,0,1,0,1,0,1,0,1,1,0,0,0,1,0,0,0.8093611554785136,2,2,0,1,1.3093611554785136,0.4266991717691049,0.7994158789689793,0.9090909090909091,8.093611554785136,0.0,1.2493836837107553,0.9558877720816077
0,1,0,0,1,0,1,0,1,0,0,1,0,1,0,1,0,1,1,0,0,0,1,0,0,0.8101133946791808,2,2,0,1,0.0,0.7904136753743987,0.6946964708544268,0.9090909090909091,8.101133946791808,0.0,2.5774532797634744,2.665002344901084
1,0,0,0,1,0,1,0,1,0,0,1,0,1,0,1,0,1,1,0,0,0,1,0,0,0.8670723185801037,2,2,0,1,1.3670723185801037,0.0,0.2721451372299627,0.9090909090909091,8.670723185801037,0.0,0.9047044676130479,-0.143518230380143
1,1,0,0,0,0,1,0,1,0,0,1,0,1,0,1,0,1,1,0,0,0,1,0,0,0.9132405525564713,1,2,0,1,1.4132405525564713,0.06422697053063131,0.5902306668690871,10.0,9.132405525564714,0.0,1.2790215257703392,1.4278401280812372
1,1,0,0,1,0,0,0,1,0,0,1,0,1,0,1,0,1,1,0,0,0,1,0,0,0.5113423988609378,1,2,0,1,1.0113423988609378,-0.7856559773204479,0.3609738969400268,0.9090909090909091,5.113423988609378,0.0,1.6078965097165392,0.5570131248970845
1,1,0,0,1,0,1,0,0,0,0,1,0,1,0,1,0,1,1,0,0,0,1,0,0,0.5015162946871996,2,1,0,1,1.0015162946871996,-0.10517526635309071,0.09158207332663415,0.9090909090909091,5.015162946871996,0.0,1.186609123156358,0.7685922788632569
1,1,0,0,1,0,1,0,1,0,0,0,0,1,0,1,0,1,1,0,0,0,1,0,0,0.7982951789667752,2,2,0,1,1.2982951789667752,0.06523453291004633,0.9173135754622428,0.9090909090909091,7.9829517896677515,0.0,-0.44643361455052827,2.0284684264125317
1,1,0,0,1,0,1,0,1,0,0,1,0,0,0,1,0,1,1,0,0,0,1,0,0,0.6499639307777652,2,2,0,0,1.1499639307777652,-0.5150589927305407,0.1368186309189614,0.9090909090909091,6.4996393077776515,0.0,1.1940899928983075,1.0078357562896239
1,1,0,0,1,0,1,0,1,0,0,1,0,1,0,0,0,1,1,0,0,0,1,0,0,0.7019668772577033,2,1,0,1,1.2019668772577035,-0.4615135381012381,0.9502373538208024,0.9090909090909091,7.019668772577034,0.0,2.0736317498597723,1.038296079049633
1,1,0,0,1,0,1,0,1,0,0,1,0,1,0,1,0,0,1,0,0,0,1,0,0,0.795792669436101,2,2,0,1,1.295792669436101,-0.2454316737907547,0.44600577295795574,0.9090909090909091,7.95792669436101,0.0,-0.026515299411060234,1.5725073373098022
1,1,0,0,1,0,1,0,1,0,0,1,0,1,0,1,0,1,1,0,0,0,1,0,0,0.8900053418175663,2,2,0,1,1.3900053418175662,-0.9598576044445473,0.18513292883861965,0.9090909090909091,8.900053418175663,0.0,1.132969674146876,0.13504727045711468
0,1,0,0,1,0,1,0,1,0,0,1,0,1,0,1,0,1,1,0,0,0,1,0,0,0.3379951568515358,2,2,0,1,0.0,-0.35584166883364343,0.5419009473783581,0.9090909090909091,3.379951568515358,0.0,0.2998791850608268,-0.33920966733900637
1,0,0,0,1,0,1,0,1,0,0,1,0,1,0,1,0,1,1,0,0,0,1,0,0,0.375582952639944,2,2,0,1,0.875582952639944,-0.0,0.8729458358764083,0.9090909090909091,3.75582952639944,0.0,2.1950466289248425,-0.5448091940210336
1,1,0,0,0,0,1,0,1,0,0,1,0,1,0,1,0,1,1,0,0,0,1,0,0,0.093981939840869,1,2,0,1,0.593981939840869,-0.3450052956441707,0.7322248864095612,10.0,0.93981939840869,0.0,-0.5231869047837747,-1.4663565893760018
1,1,0,0,1,0,0,0,1,0,0,1,0,1,0,1,0,1,1,0,0,0,1,0,0,0.578280140996174,1,2,0,1,1.078280140996174,-0.7604757363614976,0.8065611478614497,0.9090909090909091,5.78280140996174,-0.0,0.44107815272841167,2.556207129940322
1,1,0,0,1,0,1,0,0,0,0,1,0,1,0,1,0,1,1,0,0,0,1,0,0,0.035942273796742086,2,1,0,1,0.5359422737967421,0.7810545614797899,0.6587833667107174,0.9090909090909091,0.35942273796742086,0.0,1.3772118750645208,-0.6032083657216831
1,1,0,0,1,0,1,0,1,0,0,0,0,1,0,1,0,1,1,0,0,0,1,0,0,0.46559801813246016,2,2,0,1,0.9655980181324602,0.18718490710809732,0.6922765645178525,0.9090909090909091,4.655980181324601,0.0,1.5655240292343404,0.278746376414228
1,1,0,0,1,0,1,0,1,0,0,1,0,0,0,1,0,1,1,0,0,0,1,0,0,0.5426446347075766,2,2,0,0,1.0426446347075766,0.3582046382889792,0.8491956515653193,0.9090909090909091,5.426446347075766,0.0,0.9342497389270122,0.22318670011107933
1,1,0,0,1,0,1,0,1,0,0,1,0,1,0,0,0,1,1,0,0,0,1,0,0,0.2865412521282844,2,1,0,1,0.7865412521282844,0.5783424772146766,0.24966800885918594,0.9090909090909091,2.865412521282844,0.0,0.4448004733068016,0.8074066978091008
1,1,0,0,1,0,1,0,1,0,0,1,0,1,0,1,0,0,1,0,0,0,1,0,0,0.5908332605690108,2,2,0,1,1.0908332605690108,-0.003115602141885443,0.4894249636431405,0.9090909090909091,5.9083326056901075,0.0,2.88115706944059,1.3157372125392968
1,1,0,0,1,0,1,0,1,0,0,1,0,1,0,1,0,1,1,0,0,0,1,0,0,0.03050024993904943,2,2,0,1,0.5305002499390494,-0.8261594238251526,0.22120944181960223,0.9090909090909091,0.3050024993904943,0.0,-0.448013900416244,1.3604734883597454
0,1,0,0,1,0,1,0,1,0,0,1,0,1,0,1,0,1,1,0,0,0,1,0,0,0.03734818874921442,2,2,0,1,0.0,0.07421308363709556,0.987668007996647,0.9090909090909091,0.37348188749214417,0.0,-1.198805956620082,-0.08307743856893846
1,0,0,0,1,0,1,0,1,0,0,1,0,1,0,1,0,1,1,0,0,0,1,0,0,0.8226005606596583,2,2,0,1,1.3226005606596583,0.0,0.9440593396866133,0.9090909090909091,8.226005606596583,0.0,1.4400144500533325,0.3328782862135885
1,1,0,0,0,0,1,0,1,0,0,1,0,1,0,1,0,1,1,0,0,0,1,0,0,0.3601906414112629,1,2,0,1,0.8601906414112629,0.49087894836866,0.0394268113685059,10.0,3.601906414112629,-0.0,0.49794577564738884,0.7825799504882996
1,1,0,0,1,0,0,0,1,0,0,1,0,1,0,1,0,1,1,0,0,0,1,0,0,0.12706051265188478,1,2,0,1,0.6270605126518848,-0.13668090754064122,0.7055751725156885,0.9090909090909091,1.2706051265188478,0.0,-0.021232817130713233,0.25130887381645295
1,1,0,0,1,0,1,0,0,0,0,1,0,1,0,1,0,1,1,0,0,0,1,0,0,0.5222432600548044,2,1,0,1,1.0222432600548044,-0.7448393944088725,0.9252483174156658,0.9090909090909091,5.222432600548044,0.0,1.7083564472993533,2.1073455760199926
1,1,0,0,1,0,1,0,1,0,0,0,0,1,0,1,0,1,1,0,0,0,1,0,0,0.7699935530986108,2,2,0,1,1.2699935530986108,-0.43244818840255106,0.18057534512733353,0.9090909090909091,7.699935530986108,0.0,0.24380071377119883,0.9909749516382513
1,1,0,0,1,0,1,0,1,0,0,1,0,0,0,1,0,1,1,0,0,0,1,0,0,0.21582102749684318,2,2,0,0,0.7158210274968432,-0.2738354072027298,0.5679452305526295,0.9090909090909091,2.1582102749684315,0.0,0.43592136926327163,1.2348777860498175
1,1,0,0,1,0,1,0,1,0,0,1,0,1,0,0,0,1,1,0,0,0,1,0,0,0.6228904758190003,2,1,0,1,1.1228904758190001,0.29183448266320244,0.9154882975880418,0.9090909090909091,6.228904758190002,0.0,-0.2803043986708944,1.1628812686674128
1,1,0,0,1,0,1,0,1,0,0,1,0,1,0,1,0,0,1,0,0,0,1,0,0,0.085347464993768,2,2,0,1,0.585347464993768,0.14155660933782377,0.03394597858579884,0.9090909090909091,0.85347464993768,0.0,1.8724573282801447,1.673473857485325
1,1,0,0,1,0,1,0,1,0,0,1,0,1,0,1,0,1,1,0,0,0,1,0,0,0.0516817211686077,2,2,0,1,0.5516817211686077,-0.2878065482043075,0.6974202672468399,0.9090909090909091,0.516817211686077,0.0,1.650201177958661,0.681021558703707
1,1,0,0,1,0,1,0,1,0,0,1,0,1,0,1,0,1,1,0,0,0,1,0,0,0.531354631568148,2,2,0,1,1.0313546315681479,0.9730304975859594,0.29734900737255077,0.9090909090909091,5.31354631568148,0.0,0.9008241362206171,-0.7968319479558466
1,1,0,0,1,0,1,0,1,0,0,1,0,1,0,1,0,1,1,0,0,0,1,0,0,0.5406351216101065,2,2,0,1,1.0406351216101064,0.2115496387137743,0.9243961953765304,0.9090909090909091,5.406351216101065,0.0,2.846636996047666,0.8996879517526416
1,1,0,0,1,0,1,0,1,0,0,1,0,1,0,1,0,1,1,0,0,0,1,0,0,0.6374299014982066,2,2,0,1,1.1374299014982066,-0.525546416528011,0.9710582451653678,0.9090909090909091,6.374299014982066,0.0,-0.07008476632615257,-0.15135689379182904
1,1,0,0,1,0,1,0,1,0,0,1,0,1,0,1,0,1,1,0,0,0,1,0,0,0.7260913337226615,2,2,0,1,1.2260913337226615,-0.7964350547591925,0.9442664891134339,0.9090909090909091,7.260913337226615,0.0,-0.5255251709247388,-0.028616681749756845
1,1,0,0,1,0,1,0,1,0,0,1,0,1,0,1,0,1,1,0,0,0,1,0,0,0.9758520794625346,2,2,0,1,1.4758520794625345,-0.694281721631336,0.47421421665746377,0.9090909090909091,9.758520794625346,0.0,0.3080919301187556,1.0863640187550931
1,1,0,0,1,0,1,0,1,0,0,1,0,1,0,1,0,1,1,0,0,0,1,0,0,0.5163003483011953,2,2,0,1,1.0163003483011952,-0.5080845432309837,0.8620426509893134,0.9090909090909091,5.163003483011953,0.0,0.9544139836445023,1.7382830714336357
1,1,0,0,1,0,1,0,1,0,0,1,0,1,0,1,0,1,1,0,0,0,1,0,0,0.32295647294124596,2,2,0,1,0.822956472941246,-0.6786372534808887,0.8445493985350704,0.9090909090909091,3.2295647294124596,0.0,1.243339449322692,0.5212715767360616
1,1,0,0,1,0,1,0,1,0,0,1,0,1,0,1,0,1,1,0,0,0,1,0,0,0.7951861947687037,2,2,0,1,1.2951861947687036,-0.6268659518973885,0.31910047324325563,0.9090909090909091,7.9518619476870365,0.0,0.7587639421436702,0.8088330125989638
1,1,0,0,1,0,1,0,1,0,0,1,0,1,0,1,0,1,1,0,0,0,1,0,0,0.2708322512620742,2,2,0,1,0.7708322512620742,-0.4298096626123058,0.8289154741506773,0.9090909090909091,2.708322512620742,0.0,1.3520553965142967,2.202214944635238
1,1,0,0,1,0,1,0,1,0,0,1,0,1,0,1,0,1,1,0,0,0,1,0,0,0.4389714207056361,2,2,0,1,0.9389714207056361,-0.6532528094104904,0.03700763471549262,0.9090909090909091,4.389714207056361,0.0,-0.25153942419044406,0.7407531794885682
1,1,0,0,1,0,1,0,1,0,0,1,0,1,0,1,0,1,1,0,0,0,1,0,0,0.07845638134226596,2,2,0,1,0.578456381342266,0.7935308492528503,0.596269878482053,0.9090909090909091,0.7845638134226596,0.0,2.4437646040732597,3.101683114180395
1,1,0,0,1,0,1,0,1,0,0,1,0,1,0,1,0,1,1,0,0,0,1,0,0,0.02535074341545751,2,2,0,1,0.5253507434154575,-0.8395325086767156,0.23000883728770305,0.9090909090909091,0.2535074341545751,0.0,0.9178488216074312,1.0655096456315443
1,1,0,0,1,0,1,0,1,0,0,1,0,1,0,1,0,1,1,0,0,0,1,0,0,0.9626484146779251,2,2,0,1,1.462648414677925,0.04902277914050934,0.12056688577727881,0.9090909090909091,9.626484146779251,0.0,2.1172958315881276,-1.2607627591558177
1,1,0,0,1,0,1,0,1,0,0,1,0,1,0,1,0,1,1,0,0,0,1,0,0,0.8359801205122058,2,2,0,1,1.3359801205122057,-0.17920634602067698,0.07695320162920916,0.9090909090909091,8.359801205122059,0.0,1.342725346377704,1.2533416211045325
1,1,0,0,1,0,1,0,1,0,0,1,0,1,0,1,0,1,1,0,0,0,1,0,0,0.695974206093698,2,2,0,1,1.195974206093698,0.9647572338172128,0.6962887758781398,0.9090909090909091,6.95974206093698,0.0,1.456753219153784,0.8811583848827778
1,1,0,0,1,0,1,0,1,0,0,1,0,1,0,1,0,1,1,0,0,0,1,0,0,0.4089529444142699,2,2,0,1,0.9089529444142699,-0.7759221956638953,0.33987496376806614,0.9090909090909091,4.089529444142698,0.0,1.5697672802322038,1.7897527540827456
1,1,0,0,1,0,1,0,1,0,0,1,0,1,0,1,0,1,1,0,0,0,1,0,0,0.17329432007084578,2,2,0,1,0.6732943200708458,-0.20428880190851673,0.7247667715287615,0.9090909090909091,1.7329432007084578,0.0,1.447708560017315,1.1731813512699585
1,1,0,0,1,0,1,0,1,0,0,1,0,1,0,1,0,1,1,0,0,0,1,0,0,0.15643704267108605,2,2,0,1,0.656437042671086,0.9389408665507377,0.06535634079894237,0.9090909090909091,1.5643704267108605,0.0,1.642722759867544,0.3615440160162262
1,1,0,0,1,0,1,0,1,0,0,1,0,1,0,1,0,1,1,0,0,0,1,0,0,0.25024289816459533,2,2,0,1,0.7502428981645953,0.7310142517879605,0.31529033783061033,0.9090909090909091,2.502428981645953,0.0,2.3291525301324314,-0.7242982362893657
1,1,0,0,1,0,1,0,1,0,0,1,0,1,0,1,0,1,1,0,0,0,1,0,0,0.5492266647061205,2,2,0,1,1.0492266647061204,0.6341441418985598,0.5394912923753372,0.9090909090909091,5.4922666470612045,0.0,1.1965211697014702,0.2909767427139747
1,1,0,0,1,0,1,0,1,0,0,1,0,1,0,1,0,1,1,0,0,0,1,0,0,0.7145959227000623,2,2,0,1,1.2145959227000622,-0.48419434591012034,0.7907231648389635,0.9090909090909091,7.145959227000623,0.0,1.7090037575885124,-0.3505204542093001
1,1,0,0,1,0,1,0,1,0,0,1,0,1,0,1,0,1,1,0,0,0,1,0,0,0.6601973767177313,2,2,0,1,1.1601973767177314,-0.6582248252198684,0.3187525029320699,0.9090909090909091,6.601973767177313,0.0,0.9102643057127733,-0.0805234498047227
1,1,0,0,1,0,1,0,1,0,0,1,0,1,0,1,0,1,1,0,0,0,1,0,0,0.27993389694594284,2,2,0,1,0.7799338969459428,0.337286439848862,0.6258913764370091,0.9090909090909091,2.7993389694594284,0.0,2.440117215449473,1.0885784044206095
1,1,0,0,1,0,1,0,1,0,0,1,0,1,0,1,0,1,1,0,0,0,1,0,0,0.9548652806631941,2,2,0,1,1.454865280663194,0.8587519782551716,0.8859777482361871,0.9090909090909091,9.54865280663194,0.0,0.3236076979407303,2.1699045043514062
1,1,0,0,1,0,1,0,1,0,0,1,0,1,0,1,0,1,1,0,0,0,1,0,0,0.7378969166957685,2,2,0,1,1.2378969166957685,0.11352578602785957,0.6158631881823046,0.9090909090909091,7.378969166957685,0.0,2.8009404329108154,0.894671529822981
1,1,0,0,1,0,1,0,1,0,0,1,0,1,0,1,0,1,1,0,0,0,1,0,0,0.5543540525114007,2,2,0,1,1.0543540525114006,0.1432253789397997,0.23295947475363377,0.9090909090909091,5.543540525114007,0.0,0.9598420493556565,-0.6958830620351844
1,1,0,0,1,0,1,0,1,0,0,1,0,1,0,1,0,1,1,0,0,0,1,0,0,0.6117207462343522,2,2,0,1,1.1117207462343521,-0.44004181267943165,0.02440078155653802,0.9090909090909091,6.117207462343522,0.0,-0.43077510211804815,0.9446026682201407
1,1,0,0,1,0,1,0,1,0,0,1,0,1,0,1,0,1,1,0,0,0,1,0,0,0.4196000624277899,2,2,0,1,0.9196000624277899,0.5389858663838738,0.8700988739009299,0.9090909090909091,4.196000624277899,0.0,1.1281044149107893,1.696631486645651
1,1,0,0,1,0,1,0,1,0,0,1,0,1,0,1,0,1,1,0,0,0,1,0,0,0.24773098950115746,2,2,0,1,0.7477309895011575,-0.6259125028849533,0.021269410850387138,0.9090909090909091,2.4773098950115746,0.0,0.31894834252511917,-0.1097829043193822
1,1,0,0,1,0,1,0,1,0,0,1,0,1,0,1,0,1,1,0,0,0,1,0,0,0.3559726786512616,2,2,0,1,0.8559726786512616,-0.35264152719151265,0.8747016726841994,0.9090909090909091,3.559726786512616,0.0,1.840643548988724,0.3659828333270823
1,1,0,0,1,0,1,0,1,0,0,1,0,1,0,1,0,1,1,0,0,0,1,0,0,0.7578461104643691,2,2,0,1,1.257846110464369,-0.14912712276716644,0.528937134027212,0.9090909090909091,7.578461104643691,0.0,0.3473760206976091,0.5146881947291971
1,1,0,0,1,0,1,0,1,0,0,1,0,1,0,1,0,1,1,0,0,0,1,0,0,0.014393488629755868,2,2,0,1,0.5143934886297559,0.015220757368910043,0.9390676985128962,0.9090909090909091,0.14393488629755868,0.0,0.5538165667852203,-0.28489831308224
1,1,0,0,1,0,1,0,1,0,0,1,0,1,0,1,0,1,1,0,0,0,1,0,0,0.11607264050691624,2,2,0,1,0.6160726405069162,-0.5151805351698395,0.7987832357736654,0.9090909090909091,1.1607264050691624,0.0,-0.889540730945531,1.148280433843859
1,1,0,0,1,0,1,0,1,0,0,1,0,1,0,1,0,1,1,0,0,0,1,0,0,0.04600264202175275,2,2,0,1,0.5460026420217527,-0.7703263505215929,0.9979341105333375,0.9090909090909091,0.4600264202175275,0.0,0.5476936807509233,0.3790518513922184
1,1,0,0,1,0,1,0,1,0,0,1,0,1,0,1,0,1,1,0,0,0,1,0,0,0.040728802318970136,2,2,0,1,0.5407288023189701,0.2212400848832652,0.35071181545171015,0.9090909090909091,0.40728802318970136,0.0,-1.4238793266289567,0.9195324439070278
1,1,0,0,1,0,1,0,1,0,0,1,0,1,0,1,0,1,1,0,0,0,1,0,0,0.8554605840110072,2,2,0,1,1.3554605840110072,-0.42273889351948846,0.7671882889311269,0.9090909090909091,8.554605840110073,0.0,-0.5839028234857233,-0.3874921778021001
1,1,0,0,1,0,1,0,1,0,0,1,0,1,0,1,0,1,1,0,0,0,1,0,0,0.7036578593800237,2,2,0,1,1.2036578593800238,0.16247644284522456,0.40193091360924216,0.9090909090909091,7.036578593800237,0.0,1.7604146561442975,0.06254169967658957
1,1,0,0,1,0,1,0,1,0,0,1,0,1,0,1,0,1,1,0,0,0,1,0,0,0.4741738290873252,2,2,0,1,0.9741738290873252,-0.6912745694515954,0.47987562030390885,0.9090909090909091,4.741738290873252,0.0,1.785800158650832,1.2223813578277714
1,1,0,0,1,0,1,0,1,0,0,1,0,1,0,1,0,1,1,0,0,0,1,0,0,0.09783416065100148,2,2,0,1,0.5978341606510015,-0.03771979629036504,0.6275054632183701,0.9090909090909091,0.9783416065100148,0.0,1.4254575617849647,0.12716684790823302
1,1,0,0,1,0,1,0,1,0,0,1,0,1,0,1,0,1,1,0,0,0,1,0,0,0.49161587511683236,2,2,0,1,0.9916158751168324,0.06517886510317172,0.8736771141863388,0.9090909090909091,4.916158751168323,0.0,0.033023856870787016,2.226963851233405
1,1,0,0,1,0,1,0,1,0,0,1,0,1,0,1,0,1,1,0,0,0,1,0,0,0.4734717707805657,2,2,0,1,0.9734717707805657,-0.8963529263551462,0.9840834691992951,0.9090909090909091,4.734717707805657,0.0,0.9522886438580201,0.10036381438539765
1,1,0,0,1,0,1,0,1,0,0,1,0,1,0,1,0,1,1,0,0,0,1,0,0,0.17320186991001518,2,2,0,1,0.6732018699100152,-0.32679144361215884,0.7682734138645182,0.9090909090909091,1.7320186991001518,0.0,0.9963974609094316,0.7246847257518859
1,1,0,0,1,0,1,0,1,0,0,1,0,1,0,1,0,1,1,0,0,0,1,0,0,0.43385164923797304,2,2,0,1,0.933851649237973,-0.7311706461220515,0.41776678216733376,0.9090909090909091,4.33851649237973,0.0,-0.15836468919254276,1.4325908318730898
1,1,0,0,1,0,1,0,1,0,0,1,0,1,0,1,0,1,1,0,0,0,1,0,0,0.39850473439737344,2,2,0,1,0.8985047343973734,-0.8732500590544645,0.4213570022770702,0.9090909090909091,3.9850473439737346,0.0,2.5033983017671506,-0.9183657329330317
1,1,0,0,1,0,1,0,1,0,0,1,0,1,0,1,0,1,1,0,0,0,1,0,0,0.6158500980522165,2,2,0,1,1.1158500980522166,0.9799204647798905,0.7375823015888915,0.9090909090909091,6.158500980522165,0.0,1.8773622905756713,-1.2608088119807759
1,1,0,0,1,0,1,0,1,0,0,1,0,1,0,1,0,1,1,0,0,0,1,0,0,0.6350936508676438,2,2,0,1,1.1350936508676437,-0.35529231005055406,0.23877714576830233,0.9090909090909091,6.350936508676438,0.0,0.7790358261703361,-1.0256563145700948
1,1,0,0,1,0,1,0,1,0,0,1,0,1,0,1,0,1,1,0,0,0,1,0,0,0.04530400977204452,2,2,0,1,0.5453040097720445,0.6197488917092697,0.11047411313139466,0.9090909090909091,0.4530400977204452,0.0,1.0268858389945308,1.762584103427182
1,1,0,0,1,0,1,0,1,0,0,1,0,1,0,1,0,1,1,0,0,0,1,0,0,0.3746126146264712,2,2,0,1,0.8746126146264712,-0.4907186904724723,0.35462215764077654,0.9090909090909091,3.746126146264712,0.0,1.2083828079475525,-0.05185814589244675
1,1,0,0,1,0,1,0,1,0,0,1,0,1,0,1,0,1,1,0,0,0,1,0,0,0.6258599157142364,2,2,0,1,1.1258599157142364,0.36300544444785854,0.28723899165408173,0.9090909090909091,6.258599157142363,0.0,-1.0417348684242906,3.0581992856682523
1,1,0,0,1,0,1,0,1,0,0,1,0,1,0,1,0,1,1,0,0,0,1,0,0,0.5031362585800877,2,2,0,1,1.0031362585800876,0.5204557197793731,0.2963081204559901,0.9090909090909091,5.031362585800877,0.0,0.752822617479403,-0.0642475986573886
1,1,0,0,1,0,1,0,1,0,0,1,0,1,0,1,0,1,1,0,0,0,1,0,0,0.8564898411883223,2,2,0,1,1.3564898411883224,0.19127748121568855,0.23360775104990994,0.9090909090909091,8.564898411883222,0.0,0.31801575200220145,0.6845513031970369
1,1,0,0,1,0,1,0,1,0,0,1,0,1,0,1,0,1,1,0,0,0,1,0,0,0.658693631618945,2,2,0,1,1.1586936316189451,-0.05684762289968326,0.04209318963636188,0.9090909090909091,6.58693631618945,0.0,-0.0016200098949155084,2.0421099525678756
1,1,0,0,1,0,1,0,1,0,0,1,0,1,0,1,0,1,1,0,0,0,1,0,0,0.1629344270814297,2,2,0,1,0.6629344270814297,-0.17631817170546293,0.01787393473341381,0.9090909090909091,1.629344270814297,0.0,0.718899707114045,2.506092888159123
1,1,0,0,1,0,1,0,1,0,0,1,0,1,0,1,0,1,1,0,0,0,1,0,0,0.07056874740042984,2,2,0,1,0.5705687474004298,-0.3022634669140094,0.9877223897360315,0.9090909090909091,0.7056874740042984,0.0,2.797686526849523,2.561503576636398
1,1,0,0,1,0,1,0,1,0,0,1,0,1,0,1,0,1,1,0,0,0,1,0,0,0.6424192782063156,2,2,0,1,1.1424192782063156,0.8590582884956517,0.42777313373586234,0.9090909090909091,6.424192782063156,0.0,1.6408428612670098,1.7083662305931424
1,1,0,0,1,0,1,0,1,0,0,1,0,1,0,1,0,1,1,0,0,0,1,0,0,0.026511310541621813,2,2,0,1,0.5265113105416218,0.6612388155754583,0.3843266471596817,0.9090909090909091,0.26511310541621813,0.0,0.4288210102172032,1.5240625258114624
1,1,0,0,1,0,1,0,1,0,0,1,0,1,0,1,0,1,1,0,0,0,1,0,0,0.5857755812734633,2,2,0,1,1.0857755812734633,0.9300538213330252,0.6796472826930698,0.9090909090909091,5.8577558127346325,0.0,1.5725827813561586,1.092526949201183
1,1,0,0,1,0,1,0,1,0,0,1,0,1,0,1,0,1,1,0,0,0,1,0,0,0.9402302414249576,2,2,0,1,1.4402302414249575,-0.7514055530289105,0.21825388786506417,0.9090909090909091,9.402302414249576,0.0,2.399355436586002,1.2783610761666377
1,1,0,0,1,0,1,0,1,0,0,1,0,1,0,1,0,1,1,0,0,0,1,0,0,0.575474177875879,2,2,0,1,1.075474177875879,0.4617349504072885,0.9499611839502253,0.9090909090909091,5.75474177875879,0.0,1.9246336829127688,-0.051185716328533415
