itching,skin_rash,chills,vomiting,fatigue,weight_loss,lethargy,cough,high_fever,breathlessness,sweating,headache,nausea,loss_of_appetite,diarrhoea,mild_fever,yellowing_of_eyes,swelled_lymph_nodes,malaise,phlegm,chest_pain,muscle_pain,red_spots_over_body,blood_in_sputum,prognosis,Unnamed: 133
0,0,1,1,0,0,0,0,1,0,1,1,1,0,0,0,0,0,0,0,0,1,0,0,1,
0,0,1,1,0,0,0,0,1,0,1,1,1,0,1,0,0,0,0,0,0,1,0,0,1,
0,0,1,1,0,0,0,0,1,0,1,1,1,0,1,0,0,0,0,0,0,1,0,0,1,
0,0,0,1,0,0,0,0,1,0,1,1,1,0,1,0,0,0,0,0,0,1,0,0,1,
0,0,1,0,0,0,0,0,1,0,1,1,1,0,1,0,0,0,0,0,0,1,0,0,1,
0,0,1,1,0,0,0,0,0,0,1,1,1,0,1,0,0,0,0,0,0,1,0,0,1,
0,0,1,1,0,0,0,0,1,0,0,1,1,0,1,0,0,0,0,0,0,1,0,0,1,
0,0,1,1,0,0,0,0,1,0,1,0,1,0,1,0,0,0,0,0,0,1,0,0,1,
0,0,1,1,0,0,0,0,1,0,1,1,0,0,1,0,0,0,0,0,0,1,0,0,1,
0,0,1,1,0,0,0,0,1,0,1,1,1,0,0,0,0,0,0,0,0,1,0,0,1,
0,0,1,1,0,0,0,0,1,0,1,1,1,0,0,0,0,0,0,0,0,1,0,0,1,
0,0,1,1,0,0,0,0,1,0,1,1,1,0,1,0,0,0,0,0,0,1,0,0,1,
0,0,1,1,0,0,0,0,1,0,1,1,1,0,1,0,0,0,0,0,0,1,0,0,1,
0,0,0,1,0,0,0,0,1,0,1,1,1,0,1,0,0,0,0,0,0,1,0,0,1,
0,0,1,0,0,0,0,0,1,0,1,1,1,0,1,0,0,0,0,0,0,1,0,0,1,
0,0,1,1,0,0,0,0,0,0,1,1,1,0,1,0,0,0,0,0,0,1,0,0,1,
0,0,1,1,0,0,0,0,1,0,0,1,1,0,1,0,0,0,0,0,0,1,0,0,1,
0,0,1,1,0,0,0,0,1,0,1,0,1,0,1,0,0,0,0,0,0,1,0,0,1,
0,0,1,1,0,0,0,0,1,0,1,1,0,0,1,0,0,0,0,0,0,1,0,0,1,
0,0,1,1,0,0,0,0,1,0,1,1,1,0,0,0,0,0,0,0,0,1,0,0,1,
0,0,1,1,0,0,0,0,1,0,1,1,1,0,0,0,0,0,0,0,0,1,0,0,1,
0,0,1,1,0,0,0,0,1,0,1,1,1,0,1,0,0,0,0,0,0,1,0,0,1,
0,0,1,1,0,0,0,0,1,0,1,1,1,0,1,0,0,0,0,0,0,1,0,0,1,
0,0,0,1,0,0,0,0,1,0,1,1,1,0,1,0,0,0,0,0,0,1,0,0,1,
0,0,1,0,0,0,0,0,1,0,1,1,1,0,1,0,0,0,0,0,0,1,0,0,1,
0,0,1,1,0,0,0,0,0,0,1,1,1,0,1,0,0,0,0,0,0,1,0,0,1,
0,0,1,1,0,0,0,0,1,0,0,1,1,0,1,0,0,0,0,0,0,1,0,0,1,
0,0,1,1,0,0,0,0,1,0,1,0,1,0,1,0,0,0,0,0,0,1,0,0,1,
0,0,1,1,0,0,0,0,1,0,1,1,0,0,1,0,0,0,0,0,0,1,0,0,1,
0,0,1,1,0,0,0,0,1,0,1,1,1,0,0,0,0,0,0,0,0,1,0,0,1,
0,0,1,1,0,0,0,0,1,0,1,1,1,0,0,0,0,0,0,0,0,1,0,0,1,
0,0,1,1,0,0,0,0,1,0,1,1,1,0,1,0,0,0,0,0,0,1,0,0,1,
0,0,1,1,0,0,0,0,1,0,1,1,1,0,1,0,0,0,0,0,0,1,0,0,1,
0,0,0,1,0,0,0,0,1,0,1,1,1,0,1,0,0,0,0,0,0,1,0,0,1,
0,0,1,0,0,0,0,0,1,0,1,1,1,0,1,0,0,0,0,0,0,1,0,0,1,
0,0,1,1,0,0,0,0,0,0,1,1,1,0,1,0,0,0,0,0,0,1,0,0,1,
0,0,1,1,0,0,0,0,1,0,0,1,1,0,1,0,0,0,0,0,0,1,0,0,1,
0,0,1,1,0,0,0,0,1,0,1,0,1,0,1,0,0,0,0,0,0,1,0,0,1,
0,0,1,1,0,0,0,0,1,0,1,1,0,0,1,0,0,0,0,0,0,1,0,0,1,
0,0,1,1,0,0,0,0,1,0,1,1,1,0,0,0,0,0,0,0,0,1,0,0,1,
0,0,1,1,0,0,0,0,1,0,1,1,1,0,0,0,0,0,0,0,0,1,0,0,1,
0,0,1,1,0,0,0,0,1,0,1,1,1,0,1,0,0,0,0,0,0,1,0,0,1,
0,0,1,1,0,0,0,0,1,0,1,1,1,0,1,0,0,0,0,0,0,1,0,0,1,
0,0,0,1,0,0,0,0,1,0,1,1,1,0,1,0,0,0,0,0,0,1,0,0,1,
0,0,1,0,0,0,0,0,1,0,1,1,1,0,1,0,0,0,0,0,0,1,0,0,1,
0,0,1,1,0,0,0,0,0,0,1,1,1,0,1,0,0,0,0,0,0,1,0,0,1,
0,0,1,1,0,0,0,0,1,0,0,1,1,0,1,0,0,0,0,0,0,1,0,0,1,
0,0,1,1,0,0,0,0,1,0,1,0,1,0,1,0,0,0,0,0,0,1,0,0,1,
0,0,1,1,0,0,0,0,1,0,1,1,0,0,1,0,0,0,0,0,0,1,0,0,1,
0,0,1,1,0,0,0,0,1,0,1,1,1,0,0,0,0,0,0,0,0,1,0,0,1,
0,0,1,1,0,0,0,0,1,0,1,1,1,0,0,0,0,0,0,0,0,1,0,0,1,
0,0,1,1,0,0,0,0,1,0,1,1,1,0,1,0,0,0,0,0,0,1,0,0,1,
0,0,1,1,0,0,0,0,1,0,1,1,1,0,1,0,0,0,0,0,0,1,0,0,1,
0,0,0,1,0,0,0,0,1,0,1,1,1,0,1,0,0,0,0,0,0,1,0,0,1,
0,0,1,0,0,0,0,0,1,0,1,1,1,0,1,0,0,0,0,0,0,1,0,0,1,
0,0,1,1,0,0,0,0,0,0,1,1,1,0,1,0,0,0,0,0,0,1,0,0,1,
0,0,1,1,0,0,0,0,1,0,0,1,1,0,1,0,0,0,0,0,0,1,0,0,1,
0,0,1,1,0,0,0,0,1,0,1,0,1,0,1,0,0,0,0,0,0,1,0,0,1,
0,0,1,1,0,0,0,0,1,0,1,1,0,0,1,0,0,0,0,0,0,1,0,0,1,
0,0,1,1,0,0,0,0,1,0,1,1,1,0,0,0,0,0,0,0,0,1,0,0,1,
0,0,1,1,0,0,0,0,1,0,1,1,1,0,1,0,0,0,0,0,0,1,0,0,1,
0,0,1,1,0,0,0,0,1,0,1,1,1,0,1,0,0,0,0,0,0,1,0,0,1,
0,0,1,1,0,0,0,0,1,0,1,1,1,0,1,0,0,0,0,0,0,1,0,0,1,
0,0,1,1,0,0,0,0,1,0,1,1,1,0,1,0,0,0,0,0,0,1,0,0,1,
0,0,1,1,0,0,0,0,1,0,1,1,1,0,1,0,0,0,0,0,0,1,0,0,1,
0,0,1,1,0,0,0,0,1,0,1,1,1,0,1,0,0,0,0,0,0,1,0,0,1,
0,0,1,1,0,0,0,0,1,0,1,1,1,0,1,0,0,0,0,0,0,1,0,0,1,
0,0,1,1,0,0,0,0,1,0,1,1,1,0,1,0,0,0,0,0,0,1,0,0,1,
0,0,1,1,0,0,0,0,1,0,1,1,1,0,1,0,0,0,0,0,0,1,0,0,1,
0,0,1,1,0,0,0,0,1,0,1,1,1,0,1,0,0,0,0,0,0,1,0,0,1,
0,0,1,1,0,0,0,0,1,0,1,1,1,0,1,0,0,0,0,0,0,1,0,0,1,
0,0,1,1,0,0,0,0,1,0,1,1,1,0,1,0,0,0,0,0,0,1,0,0,1,
0,0,1,1,0,0,0,0,1,0,1,1,1,0,1,0,0,0,0,0,0,1,0,0,1,
0,0,1,1,0,0,0,0,1,0,1,1,1,0,1,0,0,0,0,0,0,1,0,0,1,
0,0,1,1,0,0,0,0,1,0,1,1,1,0,1,0,0,0,0,0,0,1,0,0,1,
0,0,1,1,0,0,0,0,1,0,1,1,1,0,1,0,0,0,0,0,0,1,0,0,1,
0,0,1,1,0,0,0,0,1,0,1,1,1,0,1,0,0,0,0,0,0,1,0,0,1,
0,0,1,1,0,0,0,0,1,0,1,1,1,0,1,0,0,0,0,0,0,1,0,0,1,
0,0,1,1,0,0,0,0,1,0,1,1,1,0,1,0,0,0,0,0,0,1,0,0,1,
0,0,1,1,0,0,0,0,1,0,1,1,1,0,1,0,0,0,0,0,0,1,0,0,1,
0,0,1,1,0,0,0,0,1,0,1,1,1,0,1,0,0,0,0,0,0,1,0,0,1,
0,0,1,1,0,0,0,0,1,0,1,1,1,0,1,0,0,0,0,0,0,1,0,0,1,
0,0,1,1,0,0,0,0,1,0,1,1,1,0,1,0,0,0,0,0,0,1,0,0,1,
0,0,1,1,0,0,0,0,1,0,1,1,1,0,1,0,0,0,0,0,0,1,0,0,1,
0,0,1,1,0,0,0,0,1,0,1,1,1,0,1,0,0,0,0,0,0,1,0,0,1,
0,0,1,1,0,0,0,0,1,0,1,1,1,0,1,0,0,0,0,0,0,1,0,0,1,
0,0,1,1,0,0,0,0,1,0,1,1,1,0,1,0,0,0,0,0,0,1,0,0,1,
0,0,1,1,0,0,0,0,1,0,1,1,1,0,1,0,0,0,0,0,0,1,0,0,1,
0,0,1,1,0,0,0,0,1,0,1,1,1,0,1,0,0,0,0,0,0,1,0,0,1,
0,0,1,1,0,0,0,0,1,0,1,1,1,0,1,0,0,0,0,0,0,1,0,0,1,
0,0,1,1,0,0,0,0,1,0,1,1,1,0,1,0,0,0,0,0,0,1,0,0,1,
0,0,1,1,0,0,0,0,1,0,1,1,1,0,1,0,0,0,0,0,0,1,0,0,1,
0,0,1,1,0,0,0,0,1,0,1,1,1,0,1,0,0,0,0,0,0,1,0,0,1,
0,0,1,1,0,0,0,0,1,0,1,1,1,0,1,0,0,0,0,0,0,1,0,0,1,
0,0,1,1,0,0,0,0,1,0,1,1,1,0,1,0,0,0,0,0,0,1,0,0,1,
0,0,1,1,0,0,0,0,1,0,1,1,1,0,1,0,0,0,0,0,0,1,0,0,1,
0,0,1,1,0,0,0,0,1,0,1,1,1,0,1,0,0,0,0,0,0,1,0,0,1,
0,0,1,1,0,0,0,0,1,0,1,1,1,0,1,0,0,0,0,0,0,1,0,0,1,
0,0,1,1,0,0,0,0,1,0,1,1,1,0,1,0,0,0,0,0,0,1,0,0,1,
0,0,1,1,0,0,0,0,1,0,1,1,1,0,1,0,0,0,0,0,0,1,0,0,1,
0,0,1,1,0,0,0,0,1,0,1,1,1,0,1,0,0,0,0,0,0,1,0,0,1,
0,0,1,1,0,0,0,0,1,0,1,1,1,0,1,0,0,0,0,0,0,1,0,0,1,
0,0,1,1,0,0,0,0,1,0,1,1,1,0,1,0,0,0,0,0,0,1,0,0,1,
0,0,1,1,0,0,0,0,1,0,1,1,1,0,1,0,0,0,0,0,0,1,0,0,1,
0,0,1,1,0,0,0,0,1,0,1,1,1,0,1,0,0,0,0,0,0,1,0,0,1,
0,0,1,1,0,0,0,0,1,0,1,1,1,0,1,0,0,0,0,0,0,1,0,0,1,
0,0,1,1,0,0,0,0,1,0,1,1,1,0,1,0,0,0,0,0,0,1,0,0,1,
0,0,1,1,0,0,0,0,1,0,1,1,1,0,1,0,0,0,0,0,0,1,0,0,1,
0,0,1,1,0,0,0,0,1,0,1,1,1,0,1,0,0,0,0,0,0,1,0,0,1,
0,0,1,1,0,0,0,0,1,0,1,1,1,0,1,0,0,0,0,0,0,1,0,0,1,
0,0,1,1,0,0,0,0,1,0,1,1,1,0,1,0,0,0,0,0,0,1,0,0,1,
0,0,1,1,0,0,0,0,1,0,1,1,1,0,1,0,0,0,0,0,0,1,0,0,1,
0,0,1,1,0,0,0,0,1,0,1,1,1,0,1,0,0,0,0,0,0,1,0,0,1,
0,0,1,1,0,0,0,0,1,0,1,1,1,0,1,0,0,0,0,0,0,1,0,0,1,
0,0,1,1,0,0,0,0,1,0,1,1,1,0,1,0,0,0,0,0,0,1,0,0,1,
0,0,1,1,0,0,0,0,1,0,1,1,1,0,1,0,0,0,0,0,0,1,0,0,1,
0,0,1,1,0,0,0,0,1,0,1,1,1,0,1,0,0,0,0,0,0,1,0,0,1,
0,0,1,1,0,0,0,0,1,0,1,1,1,0,1,0,0,0,0,0,0,1,0,0,1,
0,0,1,1,0,0,0,0,1,0,1,1,1,0,1,0,0,0,0,0,0,1,0,0,1,
0,0,1,1,0,0,0,0,1,0,1,1,1,0,1,0,0,0,0,0,0,1,0,0,1,
0,0,1,1,1,1,0,1,1,1,1,0,0,1,0,1,1,1,1,1,1,0,0,1,2,
0,0,1,1,1,1,0,1,1,1,1,0,0,1,0,1,1,1,1,1,1,0,0,1,2,
0,0,0,1,1,1,0,1,1,1,1,0,0,1,0,1,1,1,1,1,1,0,0,1,2,
0,0,1,0,1,1,0,1,1,1,1,0,0,1,0,1,1,1,1,1,1,0,0,1,2,
0,0,1,1,0,1,0,1,1,1,1,0,0,1,0,1,1,1,1,1,1,0,0,1,2,
0,0,1,1,1,0,0,1,1,1,1,0,0,1,0,1,1,1,1,1,1,0,0,1,2,
0,0,1,1,1,1,0,0,1,1,1,0,0,1,0,1,1,1,1,1,1,0,0,1,2,
0,0,1,1,1,1,0,1,0,1,1,0,0,1,0,1,1,1,1,1,1,0,0,1,2,
0,0,1,1,1,1,0,1,1,0,1,0,0,1,0,1,1,1,1,1,1,0,0,1,2,
0,0,1,1,1,1,0,1,1,1,0,0,0,1,0,1,1,1,1,1,1,0,0,1,2,
0,0,1,1,1,1,0,1,1,1,1,0,0,1,0,1,1,1,1,1,1,0,0,1,2,
0,0,1,1,1,1,0,1,1,1,1,0,0,1,0,1,1,1,1,1,1,0,0,1,2,
0,0,0,1,1,1,0,1,1,1,1,0,0,1,0,1,1,1,1,1,1,0,0,1,2,
0,0,1,0,1,1,0,1,1,1,1,0,0,1,0,1,1,1,1,1,1,0,0,1,2,
0,0,1,1,0,1,0,1,1,1,1,0,0,1,0,1,1,1,1,1,1,0,0,1,2,
0,0,1,1,1,0,0,1,1,1,1,0,0,1,0,1,1,1,1,1,1,0,0,1,2,
0,0,1,1,1,1,0,0,1,1,1,0,0,1,0,1,1,1,1,1,1,0,0,1,2,
0,0,1,1,1,1,0,1,0,1,1,0,0,1,0,1,1,1,1,1,1,0,0,1,2,
0,0,1,1,1,1,0,1,1,0,1,0,0,1,0,1,1,1,1,1,1,0,0,1,2,
0,0,1,1,1,1,0,1,1,1,0,0,0,1,0,1,1,1,1,1,1,0,0,1,2,
0,0,1,1,1,1,0,1,1,1,1,0,0,1,0,1,1,1,1,1,1,0,0,1,2,
0,0,1,1,1,1,0,1,1,1,1,0,0,1,0,1,1,1,1,1,1,0,0,1,2,
0,0,0,1,1,1,0,1,1,1,1,0,0,1,0,1,1,1,1,1,1,0,0,1,2,
0,0,1,0,1,1,0,1,1,1,1,0,0,1,0,1,1,1,1,1,1,0,0,1,2,
0,0,1,1,0,1,0,1,1,1,1,0,0,1,0,1,1,1,1,1,1,0,0,1,2,
0,0,1,1,1,0,0,1,1,1,1,0,0,1,0,1,1,1,1,1,1,0,0,1,2,
0,0,1,1,1,1,0,0,1,1,1,0,0,1,0,1,1,1,1,1,1,0,0,1,2,
0,0,1,1,1,1,0,1,0,1,1,0,0,1,0,1,1,1,1,1,1,0,0,1,2,
0,0,1,1,1,1,0,1,1,0,1,0,0,1,0,1,1,1,1,1,1,0,0,1,2,
0,0,1,1,1,1,0,1,1,1,0,0,0,1,0,1,1,1,1,1,1,0,0,1,2,
0,0,1,1,1,1,0,1,1,1,1,0,0,1,0,1,1,1,1,1,1,0,0,1,2,
0,0,1,1,1,1,0,1,1,1,1,0,0,1,0,1,1,1,1,1,1,0,0,1,2,
0,0,0,1,1,1,0,1,1,1,1,0,0,1,0,1,1,1,1,1,1,0,0,1,2,
0,0,1,0,1,1,0,1,1,1,1,0,0,1,0,1,1,1,1,1,1,0,0,1,2,
0,0,1,1,0,1,0,1,1,1,1,0,0,1,0,1,1,1,1,1,1,0,0,1,2,
0,0,1,1,1,0,0,1,1,1,1,0,0,1,0,1,1,1,1,1,1,0,0,1,2,
0,0,1,1,1,1,0,0,1,1,1,0,0,1,0,1,1,1,1,1,1,0,0,1,2,
0,0,1,1,1,1,0,1,0,1,1,0,0,1,0,1,1,1,1,1,1,0,0,1,2,
0,0,1,1,1,1,0,1,1,0,1,0,0,1,0,1,1,1,1,1,1,0,0,1,2,
0,0,1,1,1,1,0,1,1,1,0,0,0,1,0,1,1,1,1,1,1,0,0,1,2,
0,0,1,1,1,1,0,1,1,1,1,0,0,1,0,1,1,1,1,1,1,0,0,1,2,
0,0,1,1,1,1,0,1,1,1,1,0,0,1,0,1,1,1,1,1,1,0,0,1,2,
0,0,0,1,1,1,0,1,1,1,1,0,0,1,0,1,1,1,1,1,1,0,0,1,2,
0,0,1,0,1,1,0,1,1,1,1,0,0,1,0,1,1,1,1,1,1,0,0,1,2,
0,0,1,1,0,1,0,1,1,1,1,0,0,1,0,1,1,1,1,1,1,0,0,1,2,
0,0,1,1,1,0,0,1,1,1,1,0,0,1,0,1,1,1,1,1,1,0,0,1,2,
0,0,1,1,1,1,0,0,1,1,1,0,0,1,0,1,1,1,1,1,1,0,0,1,2,
0,0,1,1,1,1,0,1,0,1,1,0,0,1,0,1,1,1,1,1,1,0,0,1,2,
0,0,1,1,1,1,0,1,1,0,1,0,0,1,0,1,1,1,1,1,1,0,0,1,2,
0,0,1,1,1,1,0,1,1,1,0,0,0,1,0,1,1,1,1,1,1,0,0,1,2,
0,0,1,1,1,1,0,1,1,1,1,0,0,1,0,1,1,1,1,1,1,0,0,1,2,
0,0,1,1,1,1,0,1,1,1,1,0,0,1,0,1,1,1,1,1,1,0,0,1,2,
0,0,0,1,1,1,0,1,1,1,1,0,0,1,0,1,1,1,1,1,1,0,0,1,2,
0,0,1,0,1,1,0,1,1,1,1,0,0,1,0,1,1,1,1,1,1,0,0,1,2,
0,0,1,1,0,1,0,1,1,1,1,0,0,1,0,1,1,1,1,1,1,0,0,1,2,
0,0,1,1,1,0,0,1,1,1,1,0,0,1,0,1,1,1,1,1,1,0,0,1,2,
0,0,1,1,1,1,0,0,1,1,1,0,0,1,0,1,1,1,1,1,1,0,0,1,2,
0,0,1,1,1,1,0,1,0,1,1,0,0,1,0,1,1,1,1,1,1,0,0,1,2,
0,0,1,1,1,1,0,1,1,0,1,0,0,1,0,1,1,1,1,1,1,0,0,1,2,
0,0,1,1,1,1,0,1,1,1,0,0,0,1,0,1,1,1,1,1,1,0,0,1,2,
0,0,1,1,1,1,0,1,1,1,1,0,0,1,0,1,1,1,1,1,1,0,0,1,2,
0,0,1,1,1,1,0,1,1,1,1,0,0,1,0,1,1,1,1,1,1,0,0,1,2,
0,0,1,1,1,1,0,1,1,1,1,0,0,1,0,1,1,1,1,1,1,0,0,1,2,
0,0,1,1,1,1,0,1,1,1,1,0,0,1,0,1,1,1,1,1,1,0,0,1,2,
0,0,1,1,1,1,0,1,1,1,1,0,0,1,0,1,1,1,1,1,1,0,0,1,2,
0,0,1,1,1,1,0,1,1,1,1,0,0,1,0,1,1,1,1,1,1,0,0,1,2,
0,0,1,1,1,1,0,1,1,1,1,0,0,1,0,1,1,1,1,1,1,0,0,1,2,
0,0,1,1,1,1,0,1,1,1,1,0,0,1,0,1,1,1,1,1,1,0,0,1,2,
0,0,1,1,1,1,0,1,1,1,1,0,0,1,0,1,1,1,1,1,1,0,0,1,2,
0,0,1,1,1,1,0,1,1,1,1,0,0,1,0,1,1,1,1,1,1,0,0,1,2,
0,0,1,1,1,1,0,1,1,1,1,0,0,1,0,1,1,1,1,1,1,0,0,1,2,
0,0,1,1,1,1,0,1,1,1,1,0,0,1,0,1,1,1,1,1,1,0,0,1,2,
0,0,1,1,1,1,0,1,1,1,1,0,0,1,0,1,1,1,1,1,1,0,0,1,2,
0,0,1,1,1,1,0,1,1,1,1,0,0,1,0,1,1,1,1,1,1,0,0,1,2,
0,0,1,1,1,1,0,1,1,1,1,0,0,1,0,1,1,1,1,1,1,0,0,1,2,
0,0,1,1,1,1,0,1,1,1,1,0,0,1,0,1,1,1,1,1,1,0,0,1,2,
0,0,1,1,1,1,0,1,1,1,1,0,0,1,0,1,1,1,1,1,1,0,0,1,2,
0,0,1,1,1,1,0,1,1,1,1,0,0,1,0,1,1,1,1,1,1,0,0,1,2,
0,0,1,1,1,1,0,1,1,1,1,0,0,1,0,1,1,1,1,1,1,0,0,1,2,
0,0,1,1,1,1,0,1,1,1,1,0,0,1,0,1,1,1,1,1,1,0,0,1,2,
0,0,1,1,1,1,0,1,1,1,1,0,0,1,0,1,1,1,1,1,1,0,0,1,2,
0,0,1,1,1,1,0,1,1,1,1,0,0,1,0,1,1,1,1,1,1,0,0,1,2,
0,0,1,1,1,1,0,1,1,1,1,0,0,1,0,1,1,1,1,1,1,0,0,1,2,
0,0,1,1,1,1,0,1,1,1,1,0,0,1,0,1,1,1,1,1,1,0,0,1,2,
0,0,1,1,1,1,0,1,1,1,1,0,0,1,0,1,1,1,1,1,1,0,0,1,2,
0,0,1,1,1,1,0,1,1,1,1,0,0,1,0,1,1,1,1,1,1,0,0,1,2,
0,0,1,1,1,1,0,1,1,1,1,0,0,1,0,1,1,1,1,1,1,0,0,1,2,
0,0,1,1,1,1,0,1,1,1,1,0,0,1,0,1,1,1,1,1,1,0,0,1,2,
0,0,1,1,1,1,0,1,1,1,1,0,0,1,0,1,1,1,1,1,1,0,0,1,2,
0,0,1,1,1,1,0,1,1,1,1,0,0,1,0,1,1,1,1,1,1,0,0,1,2,
0,0,1,1,1,1,0,1,1,1,1,0,0,1,0,1,1,1,1,1,1,0,0,1,2,
0,0,1,1,1,1,0,1,1,1,1,0,0,1,0,1,1,1,1,1,1,0,0,1,2,
0,0,1,1,1,1,0,1,1,1,1,0,0,1,0,1,1,1,1,1,1,0,0,1,2,
0,0,1,1,1,1,0,1,1,1,1,0,0,1,0,1,1,1,1,1,1,0,0,1,2,
0,0,1,1,1,1,0,1,1,1,1,0,0,1,0,1,1,1,1,1,1,0,0,1,2,
0,0,1,1,1,1,0,1,1,1,1,0,0,1,0,1,1,1,1,1,1,0,0,1,2,
0,0,1,1,1,1,0,1,1,1,1,0,0,1,0,1,1,1,1,1,1,0,0,1,2,
0,0,1,1,1,1,0,1,1,1,1,0,0,1,0,1,1,1,1,1,1,0,0,1,2,
0,0,1,1,1,1,0,1,1,1,1,0,0,1,0,1,1,1,1,1,1,0,0,1,2,
0,0,1,1,1,1,0,1,1,1,1,0,0,1,0,1,1,1,1,1,1,0,0,1,2,
0,0,1,1,1,1,0,1,1,1,1,0,0,1,0,1,1,1,1,1,1,0,0,1,2,
0,0,1,1,1,1,0,1,1,1,1,0,0,1,0,1,1,1,1,1,1,0,0,1,2,
0,0,1,1,1,1,0,1,1,1,1,0,0,1,0,1,1,1,1,1,1,0,0,1,2,
0,0,1,1,1,1,0,1,1,1,1,0,0,1,0,1,1,1,1,1,1,0,0,1,2,
0,0,1,1,1,1,0,1,1,1,1,0,0,1,0,1,1,1,1,1,1,0,0,1,2,
0,0,1,1,1,1,0,1,1,1,1,0,0,1,0,1,1,1,1,1,1,0,0,1,2,
0,0,1,1,1,1,0,1,1,1,1,0,0,1,0,1,1,1,1,1,1,0,0,1,2,
0,0,1,1,1,1,0,1,1,1,1,0,0,1,0,1,1,1,1,1,1,0,0,1,2,
0,0,1,1,1,1,0,1,1,1,1,0,0,1,0,1,1,1,1,1,1,0,0,1,2,
0,0,1,1,1,1,0,1,1,1,1,0,0,1,0,1,1,1,1,1,1,0,0,1,2,
0,0,1,1,1,1,0,1,1,1,1,0,0,1,0,1,1,1,1,1,1,0,0,1,2,
0,0,1,1,1,1,0,1,1,1,1,0,0,1,0,1,1,1,1,1,1,0,0,1,2,
0,0,1,1,1,1,0,1,1,1,1,0,0,1,0,1,1,1,1,1,1,0,0,1,2,
0,0,1,1,1,1,0,1,1,1,1,0,0,1,0,1,1,1,1,1,1,0,0,1,2,
0,0,1,1,1,1,0,1,1,1,1,0,0,1,0,1,1,1,1,1,1,0,0,1,2,
0,0,1,1,1,1,0,1,1,1,1,0,0,1,0,1,1,1,1,1,1,0,0,1,2,
0,0,1,1,1,1,0,1,1,1,1,0,0,1,0,1,1,1,1,1,1,0,0,1,2,
0,0,1,1,1,1,0,1,1,1,1,0,0,1,0,1,1,1,1,1,1,0,0,1,2,
0,0,1,1,1,1,0,1,1,1,1,0,0,1,0,1,1,1,1,1,1,0,0,1,2,
0,0,1,1,1,1,0,1,1,1,1,0,0,1,0,1,1,1,1,1,1,0,0,1,2,
1,1,0,0,1,0,1,0,1,0,0,1,0,1,0,1,0,1,1,0,0,0,1,0,0,
0,1,0,0,1,0,1,0,1,0,0,1,0,1,0,1,0,1,1,0,0,0,1,0,0,
1,0,0,0,1,0,1,0,1,0,0,1,0,1,0,1,0,1,1,0,0,0,1,0,0,
1,1,0,0,0,0,1,0,1,0,0,1,0,1,0,1,0,1,1,0,0,0,1,0,0,
1,1,0,0,1,0,0,0,1,0,0,1,0,1,0,1,0,1,1,0,0,0,1,0,0,
1,1,0,0,1,0,1,0,0,0,0,1,0,1,0,1,0,1,1,0,0,0,1,0,0,
1,1,0,0,1,0,1,0,1,0,0,0,0,1,0,1,0,1,1,0,0,0,1,0,0,
1,1,0,0,1,0,1,0,1,0,0,1,0,0,0,1,0,1,1,0,0,0,1,0,0,
1,1,0,0,1,0,1,0,1,0,0,1,0,1,0,0,0,1,1,0,0,0,1,0,0,
1,1,0,0,1,0,1,0,1,0,0,1,0,1,0,1,0,0,1,0,0,0,1,0,0,
1,1,0,0,1,0,1,0,1,0,0,1,0,1,0,1,0,1,1,0,0,0,1,0,0,
0,1,0,0,1,0,1,0,1,0,0,1,0,1,0,1,0,1,1,0,0,0,1,0,0,
1,0,0,0,1,0,1,0,1,0,0,1,0,1,0,1,0,1,1,0,0,0,1,0,0,
1,1,0,0,0,0,1,0,1,0,0,1,0,1,0,1,0,1,1,0,0,0,1,0,0,
1,1,0,0,1,0,0,0,1,0,0,1,0,1,0,1,0,1,1,0,0,0,1,0,0,
1,1,0,0,1,0,1,0,0,0,0,1,0,1,0,1,0,1,1,0,0,0,1,0,0,
1,1,0,0,1,0,1,0,1,0,0,0,0,1,0,1,0,1,1,0,0,0,1,0,0,
1,1,0,0,1,0,1,0,1,0,0,1,0,0,0,1,0,1,1,0,0,0,1,0,0,
1,1,0,0,1,0,1,0,1,0,0,1,0,1,0,0,0,1,1,0,0,0,1,0,0,
1,1,0,0,1,0,1,0,1,0,0,1,0,1,0,1,0,0,1,0,0,0,1,0,0,
1,1,0,0,1,0,1,0,1,0,0,1,0,1,0,1,0,1,1,0,0,0,1,0,0,
0,1,0,0,1,0,1,0,1,0,0,1,0,1,0,1,0,1,1,0,0,0,1,0,0,
1,0,0,0,1,0,1,0,1,0,0,1,0,1,0,1,0,1,1,0,0,0,1,0,0,
1,1,0,0,0,0,1,0,1,0,0,1,0,1,0,1,0,1,1,0,0,0,1,0,0,
1,1,0,0,1,0,0,0,1,0,0,1,0,1,0,1,0,1,1,0,0,0,1,0,0,
1,1,0,0,1,0,1,0,0,0,0,1,0,1,0,1,0,1,1,0,0,0,1,0,0,
1,1,0,0,1,0,1,0,1,0,0,0,0,1,0,1,0,1,1,0,0,0,1,0,0,
1,1,0,0,1,0,1,0,1,0,0,1,0,0,0,1,0,1,1,0,0,0,1,0,0,
1,1,0,0,1,0,1,0,1,0,0,1,0,1,0,0,0,1,1,0,0,0,1,0,0,
1,1,0,0,1,0,1,0,1,0,0,1,0,1,0,1,0,0,1,0,0,0,1,0,0,
1,1,0,0,1,0,1,0,1,0,0,1,0,1,0,1,0,1,1,0,0,0,1,0,0,
0,1,0,0,1,0,1,0,1,0,0,1,0,1,0,1,0,1,1,0,0,0,1,0,0,
1,0,0,0,1,0,1,0,1,0,0,1,0,1,0,1,0,1,1,0,0,0,1,0,0,
1,1,0,0,0,0,1,0,1,0,0,1,0,1,0,1,0,1,1,0,0,0,1,0,0,
1,1,0,0,1,0,0,0,1,0,0,1,0,1,0,1,0,1,1,0,0,0,1,0,0,
1,1,0,0,1,0,1,0,0,0,0,1,0,1,0,1,0,1,1,0,0,0,1,0,0,
1,1,0,0,1,0,1,0,1,0,0,0,0,1,0,1,0,1,1,0,0,0,1,0,0,
1,1,0,0,1,0,1,0,1,0,0,1,0,0,0,1,0,1,1,0,0,0,1,0,0,
1,1,0,0,1,0,1,0,1,0,0,1,0,1,0,0,0,1,1,0,0,0,1,0,0,
1,1,0,0,1,0,1,0,1,0,0,1,0,1,0,1,0,0,1,0,0,0,1,0,0,
1,1,0,0,1,0,1,0,1,0,0,1,0,1,0,1,0,1,1,0,0,0,1,0,0,
0,1,0,0,1,0,1,0,1,0,0,1,0,1,0,1,0,1,1,0,0,0,1,0,0,
1,0,0,0,1,0,1,0,1,0,0,1,0,1,0,1,0,1,1,0,0,0,1,0,0,
1,1,0,0,0,0,1,0,1,0,0,1,0,1,0,1,0,1,1,0,0,0,1,0,0,
1,1,0,0,1,0,0,0,1,0,0,1,0,1,0,1,0,1,1,0,0,0,1,0,0,
1,1,0,0,1,0,1,0,0,0,0,1,0,1,0,1,0,1,1,0,0,0,1,0,0,
1,1,0,0,1,0,1,0,1,0,0,0,0,1,0,1,0,1,1,0,0,0,1,0,0,
1,1,0,0,1,0,1,0,1,0,0,1,0,0,0,1,0,1,1,0,0,0,1,0,0,
1,1,0,0,1,0,1,0,1,0,0,1,0,1,0,0,0,1,1,0,0,0,1,0,0,
1,1,0,0,1,0,1,0,1,0,0,1,0,1,0,1,0,0,1,0,0,0,1,0,0,
1,1,0,0,1,0,1,0,1,0,0,1,0,1,0,1,0,1,1,0,0,0,1,0,0,
0,1,0,0,1,0,1,0,1,0,0,1,0,1,0,1,0,1,1,0,0,0,1,0,0,
1,0,0,0,1,0,1,0,1,0,0,1,0,1,0,1,0,1,1,0,0,0,1,0,0,
1,1,0,0,0,0,1,0,1,0,0,1,0,1,0,1,0,1,1,0,0,0,1,0,0,
1,1,0,0,1,0,0,0,1,0,0,1,0,1,0,1,0,1,1,0,0,0,1,0,0,
1,1,0,0,1,0,1,0,0,0,0,1,0,1,0,1,0,1,1,0,0,0,1,0,0,
1,1,0,0,1,0,1,0,1,0,0,0,0,1,0,1,0,1,1,0,0,0,1,0,0,
1,1,0,0,1,0,1,0,1,0,0,1,0,0,0,1,0,1,1,0,0,0,1,0,0,
1,1,0,0,1,0,1,0,1,0,0,1,0,1,0,0,0,1,1,0,0,0,1,0,0,
1,1,0,0,1,0,1,0,1,0,0,1,0,1,0,1,0,0,1,0,0,0,1,0,0,
1,1,0,0,1,0,1,0,1,0,0,1,0,1,0,1,0,1,1,0,0,0,1,0,0,
1,1,0,0,1,0,1,0,1,0,0,1,0,1,0,1,0,1,1,0,0,0,1,0,0,
1,1,0,0,1,0,1,0,1,0,0,1,0,1,0,1,0,1,1,0,0,0,1,0,0,
1,1,0,0,1,0,1,0,1,0,0,1,0,1,0,1,0,1,1,0,0,0,1,0,0,
1,1,0,0,1,0,1,0,1,0,0,1,0,1,0,1,0,1,1,0,0,0,1,0,0,
1,1,0,0,1,0,1,0,1,0,0,1,0,1,0,1,0,1,1,0,0,0,1,0,0,
1,1,0,0,1,0,1,0,1,0,0,1,0,1,0,1,0,1,1,0,0,0,1,0,0,
1,1,0,0,1,0,1,0,1,0,0,1,0,1,0,1,0,1,1,0,0,0,1,0,0,
1,1,0,0,1,0,1,0,1,0,0,1,0,1,0,1,0,1,1,0,0,0,1,0,0,
1,1,0,0,1,0,1,0,1,0,0,1,0,1,0,1,0,1,1,0,0,0,1,0,0,
1,1,0,0,1,0,1,0,1,0,0,1,0,1,0,1,0,1,1,0,0,0,1,0,0,
1,1,0,0,1,0,1,0,1,0,0,1,0,1,0,1,0,1,1,0,0,0,1,0,0,
1,1,0,0,1,0,1,0,1,0,0,1,0,1,0,1,0,1,1,0,0,0,1,0,0,
1,1,0,0,1,0,1,0,1,0,0,1,0,1,0,1,0,1,1,0,0,0,1,0,0,
1,1,0,0,1,0,1,0,1,0,0,1,0,1,0,1,0,1,1,0,0,0,1,0,0,
1,1,0,0,1,0,1,0,1,0,0,1,0,1,0,1,0,1,1,0,0,0,1,0,0,
1,1,0,0,1,0,1,0,1,0,0,1,0,1,0,1,0,1,1,0,0,0,1,0,0,
1,1,0,0,1,0,1,0,1,0,0,1,0,1,0,1,0,1,1,0,0,0,1,0,0,
1,1,0,0,1,0,1,0,1,0,0,1,0,1,0,1,0,1,1,0,0,0,1,0,0,
1,1,0,0,1,0,1,0,1,0,0,1,0,1,0,1,0,1,1,0,0,0,1,0,0,
1,1,0,0,1,0,1,0,1,0,0,1,0,1,0,1,0,1,1,0,0,0,1,0,0,
1,1,0,0,1,0,1,0,1,0,0,1,0,1,0,1,0,1,1,0,0,0,1,0,0,
1,1,0,0,1,0,1,0,1,0,0,1,0,1,0,1,0,1,1,0,0,0,1,0,0,
1,1,0,0,1,0,1,0,1,0,0,1,0,1,0,1,0,1,1,0,0,0,1,0,0,
1,1,0,0,1,0,1,0,1,0,0,1,0,1,0,1,0,1,1,0,0,0,1,0,0,
1,1,0,0,1,0,1,0,1,0,0,1,0,1,0,1,0,1,1,0,0,0,1,0,0,
1,1,0,0,1,0,1,0,1,0,0,1,0,1,0,1,0,1,1,0,0,0,1,0,0,
1,1,0,0,1,0,1,0,1,0,0,1,0,1,0,1,0,1,1,0,0,0,1,0,0,
1,1,0,0,1,0,1,0,1,0,0,1,0,1,0,1,0,1,1,0,0,0,1,0,0,
1,1,0,0,1,0,1,0,1,0,0,1,0,1,0,1,0,1,1,0,0,0,1,0,0,
1,1,0,0,1,0,1,0,1,0,0,1,0,1,0,1,0,1,1,0,0,0,1,0,0,
1,1,0,0,1,0,1,0,1,0,0,1,0,1,0,1,0,1,1,0,0,0,1,0,0,
1,1,0,0,1,0,1,0,1,0,0,1,0,1,0,1,0,1,1,0,0,0,1,0,0,
1,1,0,0,1,0,1,0,1,0,0,1,0,1,0,1,0,1,1,0,0,0,1,0,0,
1,1,0,0,1,0,1,0,1,0,0,1,0,1,0,1,0,1,1,0,0,0,1,0,0,
1,1,0,0,1,0,1,0,1,0,0,1,0,1,0,1,0,1,1,0,0,0,1,0,0,
1,1,0,0,1,0,1,0,1,0,0,1,0,1,0,1,0,1,1,0,0,0,1,0,0,
1,1,0,0,1,0,1,0,1,0,0,1,0,1,0,1,0,1,1,0,0,0,1,0,0,
1,1,0,0,1,0,1,0,1,0,0,1,0,1,0,1,0,1,1,0,0,0,1,0,0,
1,1,0,0,1,0,1,0,1,0,0,1,0,1,0,1,0,1,1,0,0,0,1,0,0,
1,1,0,0,1,0,1,0,1,0,0,1,0,1,0,1,0,1,1,0,0,0,1,0,0,
1,1,0,0,1,0,1,0,1,0,0,1,0,1,0,1,0,1,1,0,0,0,1,0,0,
1,1,0,0,1,0,1,0,1,0,0,1,0,1,0,1,0,1,1,0,0,0,1,0,0,
1,1,0,0,1,0,1,0,1,0,0,1,0,1,0,1,0,1,1,0,0,0,1,0,0,
1,1,0,0,1,0,1,0,1,0,0,1,0,1,0,1,0,1,1,0,0,0,1,0,0,
1,1,0,0,1,0,1,0,1,0,0,1,0,1,0,1,0,1,1,0,0,0,1,0,0,
1,1,0,0,1,0,1,0,1,0,0,1,0,1,0,1,0,1,1,0,0,0,1,0,0,
1,1,0,0,1,0,1,0,1,0,0,1,0,1,0,1,0,1,1,0,0,0,1,0,0,
1,1,0,0,1,0,1,0,1,0,0,1,0,1,0,1,0,1,1,0,0,0,1,0,0,
1,1,0,0,1,0,1,0,1,0,0,1,0,1,0,1,0,1,1,0,0,0,1,0,0,
1,1,0,0,1,0,1,0,1,0,0,1,0,1,0,1,0,1,1,0,0,0,1,0,0,
1,1,0,0,1,0,1,0,1,0,0,1,0,1,0,1,0,1,1,0,0,0,1,0,0,
1,1,0,0,1,0,1,0,1,0,0,1,0,1,0,1,0,1,1,0,0,0,1,0,0,
1,1,0,0,1,0,1,0,1,0,0,1,0,1,0,1,0,1,1,0,0,0,1,0,0,
1,1,0,0,1,0,1,0,1,0,0,1,0,1,0,1,0,1,1,0,0,0,1,0,0,
1,1,0,0,1,0,1,0,1,0,0,1,0,1,0,1,0,1,1,0,0,0,1,0,0,
1,1,0,0,1,0,1,0,1,0,0,1,0,1,0,1,0,1,1,0,0,0,1,0,0,
1,1,0,0,1,0,1,0,1,0,0,1,0,1,0,1,0,1,1,0,0,0,1,0,0,
1,1,0,0,1,0,1,0,1,0,0,1,0,1,0,1,0,1,1,0,0,0,1,0,0,
1,1,0,0,1,0,1,0,1,0,0,1,0,1,0,1,0,1,1,0,0,0,1,0,0,
